-- phpMyAdmin SQL Dump
-- version 4.1.12
-- http://www.phpmyadmin.net
--
-- Host: 127.0.0.1
-- Generation Time: Oct 02, 2018 at 08:33 AM
-- Server version: 5.6.16
-- PHP Version: 5.5.11

SET SQL_MODE = "NO_AUTO_VALUE_ON_ZERO";
SET time_zone = "+00:00";


/*!40101 SET @OLD_CHARACTER_SET_CLIENT=@@CHARACTER_SET_CLIENT */;
/*!40101 SET @OLD_CHARACTER_SET_RESULTS=@@CHARACTER_SET_RESULTS */;
/*!40101 SET @OLD_COLLATION_CONNECTION=@@COLLATION_CONNECTION */;
/*!40101 SET NAMES utf8 */;

--
-- Database: `asd`
--

-- --------------------------------------------------------

--
-- Table structure for table `district`
--

CREATE TABLE IF NOT EXISTS `district` (
  `DistCode` int(11) NOT NULL AUTO_INCREMENT,
  `StCode` int(11) DEFAULT NULL,
  `DistrictName` varchar(200) DEFAULT NULL,
  PRIMARY KEY (`DistCode`),
  KEY `StCode` (`StCode`)
) ENGINE=MyISAM  DEFAULT CHARSET=latin1 AUTO_INCREMENT=651 ;

--
-- Dumping data for table `district`
--

INSERT INTO `district` (`DistCode`, `StCode`, `DistrictName`) VALUES
(1, 1, 'North and Middle Andama'),
(2, 1, 'South Andama'),
(3, 1, 'Nicobar'),
(4, 2, 'Anantapur'),
(5, 2, 'Chittoor'),
(6, 2, 'East Godavari'),
(7, 2, 'Guntur'),
(8, 2, 'Krishna'),
(9, 2, 'Kurnool'),
(10, 2, 'Prakasam'),
(11, 2, 'Srikakulam'),
(12, 2, 'Sri Potti Sri Ramulu Nellore'),
(13, 2, 'Vishakhapatnam'),
(14, 2, 'Vizianagaram'),
(15, 2, 'West Godavari'),
(16, 2, 'Cudappah'),
(17, 3, 'Anjaw'),
(18, 3, 'Changlang'),
(19, 3, 'East Siang'),
(20, 3, 'East Kameng'),
(21, 3, 'Kurung Kumey'),
(22, 3, 'Lohit'),
(23, 3, 'Lower Dibang Valley'),
(24, 3, 'Lower Subansiri'),
(25, 3, 'Papum Pare'),
(26, 3, 'Tawang'),
(27, 3, 'Tirap'),
(28, 3, 'Dibang Valley'),
(29, 3, 'Upper Siang'),
(30, 3, 'Upper Subansiri'),
(31, 3, 'West Kameng'),
(32, 3, 'West Siang'),
(33, 4, 'Baksa'),
(34, 4, 'Barpeta'),
(35, 4, 'Bongaigao'),
(36, 4, 'Cachar'),
(37, 4, 'Chirang'),
(38, 4, 'Darrang'),
(39, 4, 'Dhemaji'),
(40, 4, 'Dima Hasao'),
(41, 4, 'Dhubri'),
(42, 4, 'Dibrugarh'),
(43, 4, 'Goalpara'),
(44, 4, 'Golaghat'),
(45, 4, 'Hailakandi'),
(46, 4, 'Jorhat'),
(47, 4, 'Kamrup'),
(48, 4, 'Kamrup Metropolita'),
(49, 4, 'Karbi Anglong'),
(50, 4, 'Karimganj'),
(51, 4, 'Kokrajhar'),
(52, 4, 'Lakhimpur'),
(53, 4, 'Morigao'),
(54, 4, 'Nagao'),
(55, 4, 'Nalbari'),
(56, 4, 'Sivasagar'),
(57, 4, 'Sonitpur'),
(58, 4, 'Tinsukia'),
(59, 4, 'Udalguri'),
(60, 5, 'Araria'),
(61, 5, 'Arwal'),
(62, 5, 'Aurangabad'),
(63, 5, 'Banka'),
(64, 5, 'Begusarai'),
(65, 5, 'Bhagalpur'),
(66, 5, 'Bhojpur'),
(67, 5, 'Buxar'),
(68, 5, 'Darbhanga'),
(69, 5, 'East Champara'),
(70, 5, 'Gaya'),
(71, 5, 'Gopalganj'),
(72, 5, 'Jamui'),
(73, 5, 'Jehanabad'),
(74, 5, 'Kaimur'),
(75, 5, 'Katihar'),
(76, 5, 'Khagaria'),
(77, 5, 'Kishanganj'),
(78, 5, 'Lakhisarai'),
(79, 5, 'Madhepura'),
(80, 5, 'Madhubani'),
(81, 5, 'Munger'),
(82, 5, 'Muzaffarpur'),
(83, 5, 'Nalanda'),
(84, 5, 'Nawada'),
(85, 5, 'Patna'),
(86, 5, 'Purnia'),
(87, 5, 'Rohtas'),
(88, 5, 'Saharsa'),
(89, 5, 'Samastipur'),
(90, 5, 'Sara'),
(91, 5, 'Sheikhpura'),
(92, 5, 'Sheohar'),
(93, 5, 'Sitamarhi'),
(94, 5, 'Siwa'),
(95, 5, 'Supaul'),
(96, 5, 'Vaishali'),
(97, 5, 'West Champara'),
(98, 6, 'Chandigarh'),
(99, 7, 'Bastar'),
(100, 7, 'Bijapur'),
(101, 7, 'Bilaspur'),
(102, 7, 'Dantewada'),
(103, 7, 'Dhamtari'),
(104, 7, 'Durg'),
(105, 7, 'Jashpur'),
(106, 7, 'Janjgir-Champa'),
(107, 7, 'Korba'),
(108, 7, 'Koriya'),
(109, 7, 'Kanker'),
(110, 7, 'Kabirdham (formerly Kawardha);'),
(111, 7, 'Mahasamund'),
(112, 7, 'Narayanpur'),
(113, 7, 'Raigarh'),
(114, 7, 'Rajnandgao'),
(115, 7, 'Raipur'),
(116, 7, 'Surajpur'),
(117, 8, 'Dadra and Nagar Haveli'),
(118, 9, 'Dama'),
(119, 9, 'Diu'),
(120, 10, 'Central Delhi'),
(121, 10, 'East Delhi'),
(122, 10, 'New Delhi'),
(123, 10, 'North Delhi'),
(124, 10, 'North East Delhi'),
(125, 10, 'North West Delhi'),
(126, 10, 'South Delhi'),
(127, 10, 'South West Delhi'),
(128, 10, 'West Delhi'),
(129, 11, 'North Goa'),
(130, 11, 'South Goa'),
(131, 12, 'Ahmedabad'),
(132, 12, 'Amreli'),
(133, 12, 'Anand'),
(134, 12, 'Aravalli'),
(135, 12, 'Banaskantha'),
(136, 12, 'Bharuch'),
(137, 12, 'Bhavnagar'),
(138, 12, 'Dahod'),
(139, 12, 'Dang'),
(140, 12, 'Gandhinagar'),
(141, 12, 'Jamnagar'),
(142, 12, 'Junagadh'),
(143, 12, 'Kutch'),
(144, 12, 'Kheda'),
(145, 12, 'Mehsana'),
(146, 12, 'Narmada'),
(147, 12, 'Navsari'),
(148, 12, 'Pata'),
(149, 12, 'Panchmahal'),
(150, 12, 'Porbandar'),
(151, 12, 'Rajkot'),
(152, 12, 'Sabarkantha'),
(153, 12, 'Surendranagar'),
(154, 12, 'Surat'),
(155, 12, 'Tapi'),
(156, 12, 'Vadodara'),
(157, 12, 'Valsad'),
(158, 13, 'Ambala'),
(159, 13, 'Bhiwani'),
(160, 13, 'Faridabad'),
(161, 13, 'Fatehabad'),
(162, 13, 'Gurgao'),
(163, 13, 'Hissar'),
(164, 13, 'Jhajjar'),
(165, 13, 'Jind'),
(166, 13, 'Karnal'),
(167, 13, 'Kaithal'),
(168, 13, 'Kurukshetra'),
(169, 13, 'Mahendragarh'),
(170, 13, 'Mewat'),
(171, 13, 'Palwal'),
(172, 13, 'Panchkula'),
(173, 13, 'Panipat'),
(174, 13, 'Rewari'),
(175, 13, 'Rohtak'),
(176, 13, 'Sirsa'),
(177, 13, 'Sonipat'),
(178, 13, 'Yamuna Nagar'),
(179, 14, 'Bilaspur'),
(180, 14, 'Chamba'),
(181, 14, 'Hamirpur'),
(182, 14, 'Kangra'),
(183, 14, 'Kinnaur'),
(184, 14, 'Kullu'),
(185, 14, 'Lahaul and Spiti'),
(186, 14, 'Mandi'),
(187, 14, 'Shimla'),
(188, 14, 'Sirmaur'),
(189, 14, 'Sola'),
(190, 14, 'Una'),
(191, 15, 'Anantnag'),
(192, 15, 'Badgam'),
(193, 15, 'Bandipora'),
(194, 15, 'Baramulla'),
(195, 15, 'Doda'),
(196, 15, 'Ganderbal'),
(197, 15, 'Jammu'),
(198, 15, 'Kargil'),
(199, 15, 'Kathua'),
(200, 15, 'Kishtwar'),
(202, 15, 'Kupwara'),
(203, 15, 'Kulgam'),
(204, 15, 'Leh'),
(205, 15, 'Poonch'),
(206, 15, 'Pulwama'),
(207, 15, 'Rajouri'),
(208, 15, 'Ramba'),
(209, 15, 'Reasi'),
(210, 15, 'Samba'),
(211, 15, 'Shopia'),
(212, 15, 'Srinagar'),
(213, 15, 'Udhampur'),
(214, 16, 'Bokaro'),
(215, 16, 'Chatra'),
(216, 16, 'Deoghar'),
(217, 16, 'Dhanbad'),
(218, 16, 'Dumka'),
(219, 16, 'East Singhbhum'),
(220, 16, 'Garhwa'),
(221, 16, 'Giridih'),
(222, 16, 'Godda'),
(223, 16, 'Gumla'),
(224, 16, 'Hazaribag'),
(225, 16, 'Jamtara'),
(226, 16, 'Khunti'),
(227, 16, 'Koderma'),
(228, 16, 'Latehar'),
(229, 16, 'Lohardaga'),
(230, 16, 'Pakur'),
(231, 16, 'Palamu'),
(232, 16, 'Ramgarh'),
(233, 16, 'Ranchi'),
(234, 16, 'Sahibganj'),
(235, 16, 'Seraikela Kharsawa'),
(236, 16, 'Simdega'),
(237, 16, 'West Singhbhum'),
(238, 17, 'Bagalkot'),
(239, 17, 'Bangalore Rural'),
(240, 17, 'Bangalore Urba'),
(241, 17, 'Belgaum'),
(242, 17, 'Bellary'),
(243, 17, 'Bidar'),
(244, 17, 'Bijapur'),
(245, 17, 'Chamarajnagar'),
(246, 17, 'Chikkamagaluru'),
(247, 17, 'Chikkaballapur'),
(248, 17, 'Chitradurga'),
(249, 17, 'Davanagere'),
(250, 17, 'Dharwad'),
(251, 17, 'Dakshina Kannada'),
(252, 17, 'Gadag'),
(253, 17, 'Gulbarga'),
(254, 17, 'Hassa'),
(255, 17, 'Haveri'),
(256, 17, 'Kodagu'),
(257, 17, 'Kolar'),
(258, 17, 'Koppal'),
(259, 17, 'Mandya'),
(260, 17, 'Mysore'),
(261, 17, 'Raichur'),
(262, 17, 'Shimoga'),
(263, 17, 'Tumkur'),
(264, 17, 'Udupi'),
(265, 17, 'Uttara Kannada'),
(266, 17, 'Ramanagara'),
(267, 17, 'Yadgir'),
(268, 18, 'Alappuzha'),
(269, 18, 'Ernakulam'),
(270, 18, 'Idukki'),
(271, 18, 'Kannur'),
(272, 18, 'Kasaragod'),
(273, 18, 'Kollam'),
(274, 18, 'Kottayam'),
(275, 18, 'Kozhikode'),
(276, 18, 'Malappuram'),
(277, 18, 'Palakkad'),
(278, 18, 'Pathanamthitta'),
(279, 18, 'Thrissur'),
(280, 18, 'Thiruvananthapuram'),
(281, 18, 'Wayanad'),
(282, 19, 'Lakshadweep'),
(283, 20, 'Agar'),
(284, 20, 'Alirajpur'),
(285, 20, 'Anuppur'),
(286, 20, 'Ashok Nagar'),
(287, 20, 'Balaghat'),
(288, 20, 'Barwani'),
(289, 20, 'Betul'),
(290, 20, 'Bhind'),
(291, 20, 'Bhopal'),
(292, 20, 'Burhanpur'),
(293, 20, 'Chhatarpur'),
(294, 20, 'Chhindwara'),
(295, 20, 'Damoh'),
(296, 20, 'Datia'),
(297, 20, 'Dewas'),
(298, 20, 'Dhar'),
(299, 20, 'Dindori'),
(300, 20, 'Guna'),
(301, 20, 'Gwalior'),
(302, 20, 'Harda'),
(303, 20, 'Hoshangabad'),
(304, 20, 'Indore'),
(305, 20, 'Jabalpur'),
(306, 20, 'Jhabua'),
(307, 20, 'Katni'),
(308, 20, 'Khandwa (East Nimar);'),
(309, 20, 'Khargone (West Nimar);'),
(310, 20, 'Mandla'),
(311, 20, 'Mandsaur'),
(312, 20, 'Morena'),
(313, 20, 'Narsinghpur'),
(314, 20, 'Neemuch'),
(315, 20, 'Panna'),
(316, 20, 'Raise'),
(317, 20, 'Rajgarh'),
(318, 20, 'Ratlam'),
(319, 20, 'Rewa'),
(320, 20, 'Sagar'),
(321, 20, 'Satna'),
(322, 20, 'Sehore'),
(323, 20, 'Seoni'),
(324, 20, 'Shahdol'),
(325, 20, 'Shajapur'),
(326, 20, 'Sheopur'),
(327, 20, 'Shivpuri'),
(328, 20, 'Sidhi'),
(329, 20, 'Singrauli'),
(330, 20, 'Tikamgarh'),
(331, 20, 'Ujjai'),
(332, 20, 'Umaria'),
(333, 20, 'Vidisha'),
(334, 21, 'Ahmednagar'),
(335, 21, 'Akola'),
(336, 21, 'Amravati'),
(337, 21, 'Aurangabad'),
(338, 21, 'Beed'),
(339, 21, 'Bhandara'),
(340, 21, 'Buldhana'),
(341, 21, 'Chandrapur'),
(342, 21, 'Dhule'),
(343, 21, 'Gadchiroli'),
(344, 21, 'Gondia'),
(345, 21, 'Hingoli'),
(346, 21, 'Jalgao'),
(347, 21, 'Jalna'),
(348, 21, 'Kolhapur'),
(349, 21, 'Latur'),
(350, 21, 'Mumbai City'),
(351, 21, 'Mumbai suburba'),
(352, 21, 'Nanded'),
(353, 21, 'Nandurbar'),
(354, 21, 'Nagpur'),
(355, 21, 'Nashik'),
(356, 21, 'Osmanabad'),
(357, 21, 'Parbhani'),
(358, 21, 'Pune'),
(359, 21, 'Raigad'),
(360, 21, 'Ratnagiri'),
(361, 21, 'Sangli'),
(362, 21, 'Satara'),
(363, 21, 'Sindhudurg'),
(364, 21, 'Solapur'),
(365, 21, 'Thane'),
(366, 21, 'Wardha'),
(367, 21, 'Washim'),
(368, 21, 'Yavatmal'),
(369, 22, 'Bishnupur'),
(370, 22, 'Churachandpur'),
(371, 22, 'Chandel'),
(372, 22, 'Imphal East'),
(373, 22, 'Senapati'),
(374, 22, 'Tamenglong'),
(375, 22, 'Thoubal'),
(376, 22, 'Ukhrul'),
(377, 22, 'Imphal West'),
(378, 23, 'East Garo Hills'),
(379, 23, 'East Khasi Hills'),
(380, 23, 'Jaintia Hills'),
(381, 23, 'Ri Bhoi'),
(382, 23, 'South Garo Hills'),
(383, 23, 'West Garo Hills'),
(384, 23, 'West Khasi Hills'),
(385, 24, 'Aizawl'),
(386, 24, 'Champhai'),
(387, 24, 'Kolasib'),
(388, 24, 'Lawngtlai'),
(389, 24, 'Lunglei'),
(390, 24, 'Mamit'),
(391, 24, 'Saiha'),
(392, 24, 'Serchhip'),
(393, 25, 'Dimapur'),
(394, 25, 'Kiphire'),
(395, 25, 'Kohima'),
(396, 25, 'Longleng'),
(397, 25, 'Mokokchung'),
(398, 25, 'Mo'),
(399, 25, 'Pere'),
(400, 25, 'Phek'),
(401, 25, 'Tuensang'),
(402, 25, 'Wokha'),
(403, 25, 'Zunheboto'),
(404, 26, 'Angul'),
(405, 26, 'Boudh (Bauda);'),
(406, 26, 'Bhadrak'),
(407, 26, 'Balangir'),
(408, 26, 'Bargarh (Baragarh);'),
(409, 26, 'Balasore'),
(410, 26, 'Cuttack'),
(411, 26, 'Debagarh (Deogarh);'),
(412, 26, 'Dhenkanal'),
(413, 26, 'Ganjam'),
(414, 26, 'Gajapati'),
(415, 26, 'Jharsuguda'),
(416, 26, 'Jajpur'),
(417, 26, 'Jagatsinghpur'),
(418, 26, 'Khordha'),
(419, 26, 'Kendujhar (Keonjhar);'),
(420, 26, 'Kalahandi'),
(421, 26, 'Kandhamal'),
(422, 26, 'Koraput'),
(423, 26, 'Kendrapara'),
(424, 26, 'Malkangiri'),
(425, 26, 'Mayurbhanj'),
(426, 26, 'Nabarangpur'),
(427, 26, 'Nuapada'),
(428, 26, 'Nayagarh'),
(429, 26, 'Puri'),
(430, 26, 'Rayagada'),
(431, 26, 'Sambalpur'),
(432, 26, 'Subarnapur (Sonepur);'),
(433, 26, 'Sundergarh'),
(434, 27, 'Karaikal'),
(435, 27, 'Mahe'),
(436, 27, 'Pondicherry'),
(437, 27, 'Yanam'),
(438, 28, 'Amritsar'),
(439, 28, 'Barnala'),
(440, 28, 'Bathinda'),
(441, 28, 'Firozpur'),
(442, 28, 'Faridkot'),
(443, 28, 'Fatehgarh Sahib'),
(444, 28, 'Fazilka'),
(445, 28, 'Gurdaspur'),
(446, 28, 'Hoshiarpur'),
(447, 28, 'Jalandhar'),
(448, 28, 'Kapurthala'),
(449, 28, 'Ludhiana'),
(450, 28, 'Mansa'),
(451, 28, 'Moga'),
(452, 28, 'Sri Muktsar Sahib'),
(453, 28, 'Pathankot'),
(454, 28, 'Patiala'),
(455, 28, 'Rupnagar'),
(456, 28, 'Ajitgarh (Mohali);'),
(457, 28, 'Sangrur'),
(458, 28, 'Shahid Bhagat Singh Nagar'),
(459, 28, 'Tarn Tara'),
(460, 29, 'Ajmer'),
(461, 29, 'Alwar'),
(462, 29, 'Bikaner'),
(463, 29, 'Barmer'),
(464, 29, 'Banswara'),
(465, 29, 'Bharatpur'),
(466, 29, 'Bara'),
(467, 29, 'Bundi'),
(468, 29, 'Bhilwara'),
(469, 29, 'Churu'),
(470, 29, 'Chittorgarh'),
(471, 29, 'Dausa'),
(472, 29, 'Dholpur'),
(473, 29, 'Dungapur'),
(474, 29, 'Ganganagar'),
(475, 29, 'Hanumangarh'),
(476, 29, 'Jhunjhunu'),
(477, 29, 'Jalore'),
(478, 29, 'Jodhpur'),
(479, 29, 'Jaipur'),
(480, 29, 'Jaisalmer'),
(481, 29, 'Jhalawar'),
(482, 29, 'Karauli'),
(483, 29, 'Kota'),
(484, 29, 'Nagaur'),
(485, 29, 'Pali'),
(486, 29, 'Pratapgarh'),
(487, 29, 'Rajsamand'),
(488, 29, 'Sikar'),
(489, 29, 'Sawai Madhopur'),
(490, 29, 'Sirohi'),
(491, 29, 'Tonk'),
(492, 29, 'Udaipur'),
(493, 30, 'East Sikkim'),
(494, 30, 'North Sikkim'),
(495, 30, 'South Sikkim'),
(496, 30, 'West Sikkim'),
(497, 31, 'Ariyalur'),
(498, 31, 'Chennai'),
(499, 31, 'Coimbatore'),
(500, 31, 'Cuddalore'),
(501, 31, 'Dharmapuri'),
(502, 31, 'Dindigul'),
(503, 31, 'Erode'),
(504, 31, 'Kanchipuram'),
(505, 31, 'Kanyakumari'),
(506, 31, 'Karur'),
(507, 31, 'Krishnagiri'),
(508, 31, 'Madurai'),
(509, 31, 'Nagapattinam'),
(510, 31, 'Nilgiris'),
(511, 31, 'Namakkal'),
(512, 31, 'Perambalur'),
(513, 31, 'Pudukkottai'),
(514, 31, 'Ramanathapuram'),
(515, 31, 'Salem'),
(516, 31, 'Sivaganga'),
(517, 31, 'Tirupur'),
(518, 31, 'Tiruchirappalli'),
(519, 31, 'Theni'),
(520, 31, 'Tirunelveli'),
(521, 31, 'Thanjavur'),
(522, 31, 'Thoothukudi'),
(523, 31, 'Tiruvallur'),
(524, 31, 'Tiruvarur'),
(525, 31, 'Tiruvannamalai'),
(526, 31, 'Vellore'),
(527, 31, 'Viluppuram'),
(528, 31, 'Virudhunagar'),
(529, 32, 'Adilabad'),
(530, 32, 'Hyderabad'),
(531, 32, 'Karimnagar'),
(532, 32, 'Khammam'),
(533, 32, 'Mahbubnagar'),
(534, 32, 'Medak'),
(535, 32, 'Nalgonda'),
(536, 32, 'Nizamabad'),
(537, 32, 'Ranga Reddy'),
(538, 32, 'Warangal'),
(539, 33, 'Dhalai'),
(540, 33, 'North Tripura'),
(541, 33, 'South Tripura'),
(542, 33, 'Khowai'),
(543, 33, 'West Tripura'),
(544, 35, 'Agra'),
(545, 35, 'Aligarh'),
(546, 35, 'Allahabad'),
(547, 35, 'Ambedkar Nagar'),
(548, 35, 'Auraiya'),
(549, 35, 'Azamgarh'),
(550, 35, 'Bagpat'),
(551, 35, 'Bahraich'),
(552, 35, 'Ballia'),
(553, 35, 'Balrampur'),
(554, 35, 'Banda'),
(555, 35, 'Barabanki'),
(556, 35, 'Bareilly'),
(557, 35, 'Basti'),
(558, 35, 'Bijnor'),
(559, 35, 'Budau'),
(560, 35, 'Bulandshahr'),
(561, 35, 'Chandauli'),
(562, 35, 'Amethi (Chhatrapati Shahuji Maharaj Nagar)'),
(563, 35, 'Chitrakoot'),
(564, 35, 'Deoria'),
(565, 35, 'Etah'),
(566, 35, 'Etawah'),
(567, 35, 'Faizabad'),
(568, 35, 'Farrukhabad'),
(569, 35, 'Fatehpur'),
(570, 35, 'Firozabad'),
(571, 35, 'Gautam Buddh Nagar'),
(572, 35, 'Ghaziabad'),
(573, 35, 'Ghazipur'),
(574, 35, 'Gonda'),
(575, 35, 'Gorakhpur'),
(576, 35, 'Hamirpur'),
(577, 35, 'Hardoi'),
(578, 35, 'Hathras (Mahamaya Nagar);'),
(579, 35, 'Jalau'),
(580, 35, 'Jaunpur'),
(581, 35, 'Jhansi'),
(582, 35, 'Jyotiba Phule Nagar'),
(583, 35, 'Kannauj'),
(584, 35, 'Kanpur Dehat (Ramabai Nagar);'),
(585, 35, 'Kanpur Nagar'),
(586, 35, 'Kanshi Ram Nagar'),
(587, 35, 'Kaushambi'),
(588, 35, 'Kushinagar'),
(589, 35, 'Lakhimpur Kheri'),
(590, 35, 'Lalitpur'),
(591, 35, 'Lucknow'),
(592, 35, 'Maharajganj'),
(593, 35, 'Mahoba'),
(594, 35, 'Mainpuri'),
(595, 35, 'Mathura'),
(596, 35, 'Mau'),
(597, 35, 'Meerut'),
(598, 35, 'Mirzapur'),
(599, 35, 'Moradabad'),
(600, 35, 'Muzaffarnagar'),
(601, 35, 'Panchsheel Nagar (Hapur);'),
(602, 35, 'Pilibhit'),
(603, 35, 'Pratapgarh'),
(604, 35, 'Raebareli'),
(605, 35, 'Rampur'),
(606, 35, 'Saharanpur'),
(607, 35, 'Sambhal(Bheem Nagar);'),
(608, 35, 'Sant Kabir Nagar'),
(609, 35, 'Sant Ravidas Nagar'),
(610, 35, 'Shahjahanpur'),
(611, 35, 'Shamli'),
(612, 35, 'Shravasti'),
(613, 35, 'Siddharthnagar'),
(614, 35, 'Sitapur'),
(615, 35, 'Sonbhadra'),
(616, 35, 'Sultanpur'),
(617, 35, 'Unnao'),
(618, 35, 'Varanasi'),
(619, 34, 'Almora'),
(620, 34, 'Bageshwar'),
(621, 34, 'Chamoli'),
(622, 34, 'Champawat'),
(623, 34, 'Dehradu'),
(624, 34, 'Haridwar'),
(625, 34, 'Nainital'),
(626, 34, 'Pauri Garhwal'),
(627, 34, 'Pithoragarh'),
(628, 34, 'Rudraprayag'),
(629, 34, 'Tehri Garhwal'),
(630, 34, 'Udham Singh Nagar'),
(631, 34, 'Uttarkashi'),
(632, 36, 'Bankura'),
(633, 36, 'Bardhama'),
(634, 36, 'Birbhum'),
(635, 36, 'Cooch Behar'),
(636, 36, 'Dakshin Dinajpur'),
(637, 36, 'Darjeeling'),
(638, 36, 'Hooghly'),
(639, 36, 'Howrah'),
(640, 36, 'Jalpaiguri'),
(641, 36, 'Kolkata'),
(642, 36, 'Maldah'),
(643, 36, 'Murshidabad'),
(644, 36, 'Nadia'),
(645, 36, 'North 24 Parganas'),
(646, 36, 'Paschim Medinipur'),
(647, 36, 'Purba Medinipur'),
(648, 36, 'Purulia'),
(649, 36, 'South 24 Parganas'),
(650, 36, 'Uttar Dinajpur');

-- --------------------------------------------------------

--
-- Table structure for table `state`
--

CREATE TABLE IF NOT EXISTS `state` (
  `StCode` int(11) NOT NULL AUTO_INCREMENT,
  `StateName` varchar(150) DEFAULT NULL,
  PRIMARY KEY (`StCode`)
) ENGINE=MyISAM  DEFAULT CHARSET=latin1 AUTO_INCREMENT=37 ;

--
-- Dumping data for table `state`
--

INSERT INTO `state` (`StCode`, `StateName`) VALUES
(1, 'Andaman and Nicobar Island (UT)'),
(2, 'Andhra Pradesh'),
(3, 'Arunachal Pradesh'),
(4, 'Assam'),
(5, 'Bihar'),
(6, 'Chandigarh (UT)'),
(7, 'Chhattisgarh'),
(8, 'Dadra and Nagar Haveli (UT)'),
(9, 'Daman and Diu (UT)'),
(10, 'Delhi (NCT)'),
(11, 'Goa'),
(12, 'Gujarat'),
(13, 'Haryana'),
(14, 'Himachal Pradesh'),
(15, 'Jammu and Kashmir'),
(16, 'Jharkhand'),
(17, 'Karnataka'),
(18, 'Kerala'),
(19, 'Lakshadweep (UT)'),
(20, 'Madhya Pradesh'),
(21, 'Maharashtra'),
(22, 'Manipur'),
(23, 'Meghalaya'),
(24, 'Mizoram'),
(25, 'Nagaland'),
(26, 'Odisha'),
(27, 'Puducherry (UT)'),
(28, 'Punjab'),
(29, 'Rajastha'),
(30, 'Sikkim'),
(31, 'Tamil Nadu'),
(32, 'Telangana'),
(33, 'Tripura'),
(34, 'Uttarakhand'),
(35, 'Uttar Pradesh'),
(36, 'West Bengal');

-- --------------------------------------------------------

--
-- Table structure for table `station_data`
--

CREATE TABLE IF NOT EXISTS `station_data` (
  `id` int(11) NOT NULL AUTO_INCREMENT,
  `state` varchar(75) NOT NULL,
  `district` varchar(75) NOT NULL,
  `loc` varchar(125) NOT NULL,
  `is_st` int(11) NOT NULL,
  `st_code` varchar(10) NOT NULL,
  `mstr` varchar(150) NOT NULL,
  `uid` varchar(50) NOT NULL,
  `addr` text NOT NULL,
  `con` varchar(25) NOT NULL,
  `em` varchar(125) NOT NULL,
  `pic` varchar(100) NOT NULL,
  `st` int(2) NOT NULL,
  PRIMARY KEY (`id`)
) ENGINE=InnoDB  DEFAULT CHARSET=latin1 AUTO_INCREMENT=34 ;

--
-- Dumping data for table `station_data`
--

INSERT INTO `station_data` (`id`, `state`, `district`, `loc`, `is_st`, `st_code`, `mstr`, `uid`, `addr`, `con`, `em`, `pic`, `st`) VALUES
(1, '18', '280', 'Thampanoor', 1, 'TVM', 'Rajashekharan', 'TVM101', 'Opposite Thiruvananthapuram Central Railway Station, Salem - Kochi Hwy, Thampanoor, Thiruvananthapuram, Kerala 695014', '04712323886', 'tvmbusstand@gmail.com', 'TVM.jpg', 1),
(2, '18', '280', 'PMG', 0, '', '', '', '', '', '', '', 1),
(3, '18', '280', 'Pattom', 0, '', '', '', '', '', '', '', 1),
(4, '18', '280', 'Kesavadasapuram', 0, '', '', '', '', '', '', '', 1),
(5, '18', '280', 'Vattappara', 0, '', '', '', '', '', '', '', 1),
(6, '18', '280', 'Vembayam', 0, '', '', '', '', '', '', '', 1),
(7, '18', '280', 'Venjaramod', 1, 'VJD', 'Ajimon', 'vjd101', 'Ksrtc Bus Station Building, Venjaramood, Thiruvananthapuram - 695607', '04722874141', 'vjmd@gmail.com', 'VJMD.jpg', 1),
(8, '18', '280', 'Karette', 0, '', '', '', '', '', '', '', 1),
(9, '18', '280', 'Kilimanoor', 1, 'KMR', 'Vishnu Patel', 'kmr101', 'Kilimanoor, Thiruvananthapuram - 695601', '04702672217', 'kmr@gmail.com', 'KMR.jpg', 1),
(10, '18', '273', 'Nilamel', 0, '', '', '', '', '', '', '', 1),
(11, '18', '273', 'Chadayamangalam', 1, 'CDM', 'Gopakumar', 'cdm101', 'Ayoor, Kollam Ayoor, Kollam - 691533', '04742476200', 'cdm@gmail.com', 'CDM.jpg', 1),
(12, '18', '273', 'Ayoor', 0, '', '', '', '', '', '', '', 1),
(13, '18', '273', 'Kottarakara', 1, 'KTR', 'Bijukumar', 'ktr101', 'K S R T C Bus Station, Kottarakkara Kottarakkara, Kollam - 691531', '0475 2452622', 'ktr@gmail.com', 'KTR.jpg', 1),
(14, '18', '280', 'Ulloor', 0, '', '', '', '', '', '', '', 1),
(15, '18', '269', 'Eranakulam South', 1, 'ERS1121', 'Nainu', 'ERS101', 'Near Railway Station\r\nEranakulam', '0484785412', 'ersksrtc@gmail.com', 'ERS1121.jpg', 1),
(16, '18', '273', 'paravur', 0, '', '', '', '', '', '', '', 1),
(17, '18', '273', 'chathannoor', 1, 'CNR', 'Anandu', 'cnr1', 'chathannor\r\nkollam', '9845654512', 'aand100@gmail.com', 'CNR.jpg', 1),
(18, '18', '273', 'kottiyam', 1, 'KTM', 'arun', 'ktm01', 'kottiyam po\r\nkollam', '0474875645', 'ktm@gmail.com', 'KTM.jpg', 1),
(19, '18', '273', 'chinnakada', 1, 'cnkd', 'Revi', 'cnkd01', 'chinnakada\r\nkollam', '04742516545', 'ch@gmail.com', 'cnkd.jpg', 1),
(20, '18', '273', 'karicode', 1, 'kcd', 'Akash', 'kcd01', 'karikode po\r\nkollam', '0474257895', 'karicode@gmail.com', 'kcd.jpg', 1),
(21, '18', '280', 'Nalanchira', 1, 'na121', 'Arun Kumar', 'na123', 'Nil', '98745631455', 'na@gmail.com', 'na121.jpg', 1),
(22, '18', '280', 'Manathala', 1, 'Manthala', 'Manu M', 'ma123', 'dsghcvsghdvcsc\r\nckshchgvsdcgh\r\ncdbdshvcb', '98745463210', 'ma@gmail.com', 'Manthala.jpg', 1),
(23, '18', '269', 'ernakulam north', 1, 'ER341', 'nemesh', 'ern123', 'hnkjfnjh\r\nfknkjfgnh\r\nkfn k fkn ', '9802567122', 'nemesh@gmail.com', 'ER341.jpg', 1),
(24, '18', '269', 'palarivattom', 0, '', '', '', '', '', '', '', 1),
(25, '18', '269', 'alappuzha', 0, '', '', '', '', '', '', '', 1),
(26, '18', '269', 'kottayam', 0, '', '', '', '', '', '', '', 1),
(27, '18', '280', 'attingal', 1, 'atl123', 'rakesh', 'ra123', 'rakesh villa', '12345678912', 'rakesh@gmail.com', 'atl123.jpg', 1),
(28, '18', '280', 'alamcode', 0, '', '', '', '', '', '', '', 1),
(29, '18', '280', 'kallambalam', 0, '', '', '', '', '', '', '', 1),
(30, '18', '273', 'paripally', 0, '', '', '', '', '', '', '', 1),
(31, '18', '280', 'thampanoor', 1, '3421', 'anu', 'admin', 'anu nivas', '2345678912', 'anu@gmail.com', '3421', 1),
(32, '18', '280', 'East Fort', 1, 'T555', 'Ajay M', 'ef123', 'Radheyam Tower, Pulimood, Thiruvananthapuram, Kerala 695001', '7895463210', 'ajj@gmail.com', 'T555.jpg', 1),
(33, '18', '274', 'erumeli', 1, 'K101', 'Gopi', 'gopi', 'sdf', '9087654321', 'gg@gmail.com', 'K101.jpg', 1);

-- --------------------------------------------------------

--
-- Table structure for table `user_data`
--

CREATE TABLE IF NOT EXISTS `user_data` (
  `id` int(11) NOT NULL AUTO_INCREMENT,
  `adrnum` varchar(30) NOT NULL,
  `accnum` varchar(20) NOT NULL,
  `nme` varchar(75) NOT NULL,
  `addr` text NOT NULL,
  `con` varchar(12) NOT NULL,
  `aadrfil` varchar(50) NOT NULL,
  `pic` varchar(50) NOT NULL,
  `dob` date NOT NULL,
  `st_id` varchar(25) NOT NULL,
  `qrcode` varchar(25) NOT NULL,
  `st` int(11) NOT NULL,
  PRIMARY KEY (`id`)
) ENGINE=InnoDB  DEFAULT CHARSET=latin1 AUTO_INCREMENT=24 ;

--
-- Dumping data for table `user_data`
--

INSERT INTO `user_data` (`id`, `adrnum`, `accnum`, `nme`, `addr`, `con`, `aadrfil`, `pic`, `dob`, `st_id`, `qrcode`, `st`) VALUES
(17, '2345678912', '803-095-100', 'vinaya', 'V V Bhavan\r\nKilimanoor', '9446563005', '2345678912.jpg', '2345678912.jpg', '1985-07-25', 'TVM101', '2345678912', 1),
(18, '78945612300', '879-169-102', 'lekha', 'lekha nivas\r\ntvm', '1547896324', '78945612300.jpg', '78945612300.jpg', '1989-07-27', 'TVM101', '78945612300', 1),
(19, '123879525665', '527-068-103', 'remya', 'remya house\r\nkilimanoor', '5896123783', '123879525665.jpg', '123879525665.jpg', '2009-02-12', 'TVM101', '123879525665', 1),
(20, '4578996634', '145-879-104', 'rohith', 'rohith villa\r\nattingal', '1278899346', '4578996634.jpg', '4578996634.jpg', '1982-07-22', 'ra123', '4578996634', 1),
(21, '78964525881', '298-352-105', 'neha', 'neha villa\r\npattom', '12364588989', '78964525881.jpg', '78964525881.jpg', '2018-04-12', 'ra123', '78964525881', 1),
(22, '124563789645', '451-024-106', 'raju', 'raju villa\r\nkollam', '4556324589', '124563789645.jpg', '124563789645.jpg', '1996-07-26', 'ra123', '124563789645', 1),
(23, '789654123012', '803-095-100', 'Arya', 'Radheyam Tower, Pulimood, Thiruvananthapuram, Kerala 695001', '9874563210', '789654123012.jpg', '789654123012.jpg', '2018-04-24', 'ef123', '789654123012', 1);

-- --------------------------------------------------------

--
-- Table structure for table `user_login`
--

CREATE TABLE IF NOT EXISTS `user_login` (
  `id` int(11) NOT NULL AUTO_INCREMENT,
  `uid` varchar(75) NOT NULL,
  `pwd` varchar(25) NOT NULL,
  `typ` varchar(10) NOT NULL,
  `st` int(2) NOT NULL,
  PRIMARY KEY (`id`)
) ENGINE=InnoDB  DEFAULT CHARSET=latin1 AUTO_INCREMENT=49 ;

--
-- Dumping data for table `user_login`
--

INSERT INTO `user_login` (`id`, `uid`, `pwd`, `typ`, `st`) VALUES
(1, 'admin', 'admin', 'admin', 1),
(2, 'TVM101', 'ksrtc', 'stand', 1),
(3, 'vjd101', 'ksrtc', 'stand', 1),
(4, 'kmr101', 'ksrtc', 'stand', 1),
(5, 'cdm101', 'ksrtc', 'stand', 1),
(6, 'ktr101', 'ksrtc', 'stand', 1),
(7, 'tvm-002', 'ksrtc', 'conductor', 1),
(8, 'kmr-001', 'ksrtc', 'conductor', 1),
(9, 'ERS101', 'ksrtc', 'station', 1),
(10, 'kmr-002', 'ksrtc', 'conductor', 1),
(11, 'tvm0', 'ksrtc', 'checker', 1),
(12, 'cnr1', 'ksrtc', 'stand', 1),
(13, 'ktm01', 'ksrtc', 'stand', 1),
(14, 'cnkd01', 'ksrtc', 'stand', 1),
(15, '101', 'ksrtc', 'checker', 1),
(16, 'chk101', 'ksrtc', 'checker', 1),
(17, 'chk101', 'ksrtc', 'checker', 1),
(18, 'kcd01', 'ksrtc', 'stand', 1),
(19, 'cnkd1', 'ksrtc', 'checker', 1),
(21, 'cnkd3', 'ksrtc', 'conductor', 1),
(22, 'biju123', 'ksrtc', 'conductor', 1),
(23, 'na123', '123', 'stand', 1),
(24, 'ma123', '123', 'stand', 1),
(25, 'ku123', 'ksrtc', 'checker', 1),
(26, 'ern123', 'ksrtc', 'stand', 1),
(27, 'kiraxxx', 'ksrtc', 'conductor', 1),
(28, 'gauth678', 'ksrtc', 'conductor', 1),
(29, 'ra123', 'ksrtc', 'stand', 1),
(30, 'ro123', 'ksrtc', 'conductor', 1),
(31, 'sr123', 'ksrtc', 'conductor', 1),
(32, 'admin', 'admin', 'stand', 1),
(33, '', 'ksrtc', 'checker', 1),
(34, '', 'ksrtc', 'checker', 1),
(35, '', 'ksrtc', 'checker', 1),
(36, '', 'ksrtc', 'checker', 1),
(37, '', 'ksrtc', 'checker', 1),
(38, '', 'ksrtc', 'checker', 1),
(39, '', 'ksrtc', 'checker', 1),
(40, '', 'ksrtc', 'checker', 1),
(41, '', 'ksrtc', 'checker', 1),
(42, '', 'ksrtc', 'checker', 1),
(43, 'ef123', 'ksrtc', 'stand', 1),
(44, 'jane123', 'ksrtc', 'conductor', 1),
(45, 'zrh123', 'ksrtc', 'conductor', 1),
(46, 'bw123', 'ksrtc', 'conductor', 1),
(47, 'tr123', 'ksrtc', 'conductor', 1),
(48, 'gopi', 'gopi', 'stand', 1);

-- --------------------------------------------------------

--
-- Table structure for table `vb_usr`
--

CREATE TABLE IF NOT EXISTS `vb_usr` (
  `id` int(11) NOT NULL AUTO_INCREMENT,
  `nme` varchar(250) NOT NULL,
  `em` varchar(250) NOT NULL,
  `con` bigint(20) NOT NULL,
  `addr` varchar(250) NOT NULL,
  `acc_num` varchar(250) NOT NULL,
  `acc_amt` bigint(20) NOT NULL,
  `pwd` varchar(25) NOT NULL,
  PRIMARY KEY (`id`)
) ENGINE=InnoDB  DEFAULT CHARSET=latin1 AUTO_INCREMENT=11 ;

--
-- Dumping data for table `vb_usr`
--

INSERT INTO `vb_usr` (`id`, `nme`, `em`, `con`, `addr`, `acc_num`, `acc_amt`, `pwd`) VALUES
(1, 'vinaya', 'vinaya@gmail.com', 9446563005, 'V V Bhavan\r\nKilimanoor', '803-095-100', 19659, '11006'),
(2, 'KSRTC', 'ksrtc@gmail.com', 9048060770, 'Kerala Travels', '681-312-101', 12738, '40016'),
(3, 'lekha', 'lekha@gmail.com', 1547896324, 'lekha nivas\r\ntvm', '879-169-102', 2360, '13026'),
(4, 'remya', 'remya@gmail.com', 5896123789, 'remya house\r\nkilimanoor', '527-068-103', 6170, '06158'),
(5, 'rohith', 'rohith@gmail.com', 1278899346, 'rohith villa\r\nattingal', '145-879-104', 1690, '51570'),
(6, 'neha', 'neha@gmail.com', 9965213202, 'neha villa\r\npattom', '298-352-105', 4600, '47401'),
(7, 'raju', 'raju123@gmail.com', 7896541234, 'raju villa\r\nkollam', '451-024-106', 8850, '10887'),
(8, 'hjd', 'xcjhjhjkxchjk@g', 0, 'khhiuhoij', '092-971-107', 2000, '13089'),
(9, 'asd', 'asdas@g', 23434, 'sfsfsdfgdfg', '160-254-108', 2000, '11607'),
(10, 'ndxdjghfh', 'jcxhjkhfd@g', 0, 'dhkjshd', '029-286-109', 0, '83010');

/*!40101 SET CHARACTER_SET_CLIENT=@OLD_CHARACTER_SET_CLIENT */;
/*!40101 SET CHARACTER_SET_RESULTS=@OLD_CHARACTER_SET_RESULTS */;
/*!40101 SET COLLATION_CONNECTION=@OLD_COLLATION_CONNECTION */;
