-- phpMyAdmin SQL Dump
-- version 4.1.12
-- http://www.phpmyadmin.net
--
-- Host: 127.0.0.1
-- Generation Time: Feb 01, 2019 at 05:16 AM
-- Server version: 5.6.16
-- PHP Version: 5.5.11

SET SQL_MODE = "NO_AUTO_VALUE_ON_ZERO";
SET time_zone = "+00:00";


/*!40101 SET @OLD_CHARACTER_SET_CLIENT=@@CHARACTER_SET_CLIENT */;
/*!40101 SET @OLD_CHARACTER_SET_RESULTS=@@CHARACTER_SET_RESULTS */;
/*!40101 SET @OLD_COLLATION_CONNECTION=@@COLLATION_CONNECTION */;
/*!40101 SET NAMES utf8 */;

--
-- Database: `ib`
--

-- --------------------------------------------------------

--
-- Table structure for table `bus_assign`
--

CREATE TABLE IF NOT EXISTS `bus_assign` (
  `id` int(11) NOT NULL AUTO_INCREMENT,
  `bus_id` int(11) NOT NULL,
  `station_id` int(11) NOT NULL,
  `st` int(11) NOT NULL,
  PRIMARY KEY (`id`)
) ENGINE=InnoDB  DEFAULT CHARSET=latin1 AUTO_INCREMENT=22 ;

--
-- Dumping data for table `bus_assign`
--

INSERT INTO `bus_assign` (`id`, `bus_id`, `station_id`, `st`) VALUES
(2, 2, 9, 1),
(3, 3, 9, 1),
(4, 4, 9, 1),
(5, 5, 19, 1),
(6, 6, 19, 1),
(7, 7, 21, 1),
(8, 8, 22, 1),
(9, 9, 23, 1),
(10, 10, 1, 1),
(11, 11, 27, 1),
(12, 12, 27, 1),
(13, 13, 1, 1),
(14, 14, 32, 1),
(15, 15, 27, 1),
(16, 16, 32, 1),
(17, 17, 32, 1),
(18, 18, 22, 1),
(19, 19, 32, 1),
(20, 21, 35, 1),
(21, 20, 11, 1);

-- --------------------------------------------------------

--
-- Table structure for table `bus_data`
--

CREATE TABLE IF NOT EXISTS `bus_data` (
  `bus_id` int(11) NOT NULL AUTO_INCREMENT,
  `bus_no` varchar(25) NOT NULL,
  `no_plate` varchar(25) NOT NULL,
  `typ` varchar(20) NOT NULL,
  `pic` varchar(20) NOT NULL,
  `st` int(3) NOT NULL,
  PRIMARY KEY (`bus_id`)
) ENGINE=InnoDB  DEFAULT CHARSET=latin1 AUTO_INCREMENT=23 ;

--
-- Dumping data for table `bus_data`
--

INSERT INTO `bus_data` (`bus_id`, `bus_no`, `no_plate`, `typ`, `pic`, `st`) VALUES
(2, 'KMR 1246', 'KL15 B 7733', 'Express', 'KMR 1246.jpg', 1),
(3, 'KRT3421', 'KL15 D 7854', 'Super Fast', 'KRT3421.JPG', 1),
(4, 'JMT 2345', 'KL15 F 8745', 'Super Fast', 'JMT 2345.JPG', 1),
(5, 'KLM23', 'KL021456', 'Super Fast', 'KLM23.jpg', 1),
(6, '235', 'KL020508', 'Super Fast', '235.jpg', 1),
(7, 'b101', 'kl-19l-2761', 'Super Fast', 'b101.jpg', 1),
(8, 'TM109', 'kl-25l-2435', 'Super Fast', 'TM109.jpg', 1),
(9, 'sp45', 'KL- 24  6578', 'Super Fast', 'sp45.jpg', 1),
(10, '7890', 'kL 5656', 'Express', '7890.jpg', 1),
(11, '3455', 'kl 3455', 'Super Fast', '3455.jpg', 1),
(12, '7895', 'kl 7895', 'Super Fast', '7895.jpg', 1),
(13, '11', 'kl123', 'Super Fast', '11', 1),
(14, 'BUS555', 'KL 41K 1224', 'Super Fast', 'BUS555.jpg', 1),
(15, 'BUS4444', 'KL 41K 1256', 'Super Fast', 'BUS4444.jpg', 1),
(16, 'TY78787', 'KL 19L 1551', 'Super Fast', 'TY78787.JPG', 1),
(17, 'EF3456', 'KL12T1223', 'Super Fast', 'EF3456.jpg', 1),
(18, 'TY454', 'kl 13l 1771', 'Super Fast', 'TY454.JPG', 1),
(19, 'TRE2567', 'KL 17L 1227', 'Super Fast', 'TRE2567.jpeg', 1),
(20, 'ksr0123', 'kl163445', 'Express', 'ksr0123.jpg', 1),
(21, 'ksrtc342', 'kl124', 'Express', 'ksrtc342.jpg', 1),
(22, 'ksr34', 'kl231', 'Ordinary', 'ksr34.jpg', 0);

-- --------------------------------------------------------

--
-- Table structure for table `cash_tranreq`
--

CREATE TABLE IF NOT EXISTS `cash_tranreq` (
  `id` int(11) NOT NULL AUTO_INCREMENT,
  `frm_nme` varchar(250) NOT NULL,
  `req_frn` varchar(250) NOT NULL,
  `to_nme` varchar(250) NOT NULL,
  `req_to` varchar(250) NOT NULL,
  `amt` bigint(20) NOT NULL,
  `dt` date NOT NULL,
  `req_for_id` int(11) NOT NULL,
  `rsn` text NOT NULL,
  `st` int(11) NOT NULL,
  PRIMARY KEY (`id`)
) ENGINE=InnoDB  DEFAULT CHARSET=latin1 AUTO_INCREMENT=123 ;

--
-- Dumping data for table `cash_tranreq`
--

INSERT INTO `cash_tranreq` (`id`, `frm_nme`, `req_frn`, `to_nme`, `req_to`, `amt`, `dt`, `req_for_id`, `rsn`, `st`) VALUES
(1, '1111-5632-8876', '1111-5632-8876', 'KSRTC', '681-312-101', 18, '2017-08-16', 12, 'Transfer', 1),
(2, '10125478958', '10125478958', 'KSRTC', '681-312-101', 22, '2017-09-08', 13, 'Transfer', 1),
(3, '', '', 'KSRTC', '681-312-101', 55, '2017-09-08', 14, 'Transfer', 1),
(4, '10125478958', '10125478958', 'KSRTC', '681-312-101', 15, '2017-09-09', 16, 'Transfer', 1),
(5, '10125478958', '10125478958', 'KSRTC', '681-312-101', 10, '2017-09-09', 16, 'Transfer', 1),
(6, '10125478958', '10125478958', 'KSRTC', '681-312-101', 25, '2017-09-09', 16, 'Transfer', 1),
(7, '88456512324', '88456512324', 'KSRTC', '681-312-101', 10, '2017-09-10', 17, 'Transfer', 1),
(8, '77845651235', '77845651235', 'KSRTC', '681-312-101', 20, '2017-09-10', 17, 'Transfer', 1),
(9, '78945612', '78945612', 'KSRTC', '681-312-101', 20, '2017-09-10', 17, 'Transfer', 1),
(10, '12345678', '12345678', 'KSRTC', '681-312-101', 25, '2017-09-10', 17, 'Transfer', 1),
(11, '10125478951', '10125478951', 'KSRTC', '681-312-101', 20, '2017-09-10', 17, 'Transfer', 1),
(12, '10125478958', '10125478958', 'KSRTC', '681-312-101', 20, '2017-09-10', 17, 'Transfer', 1),
(13, '7856412354', '7856412354', 'KSRTC', '681-312-101', 20, '2017-09-10', 17, 'Transfer', 1),
(14, '54123254565', '54123254565', 'KSRTC', '681-312-101', 20, '2017-09-10', 17, 'Transfer', 1),
(15, '78945612', '78945612', 'KSRTC', '681-312-101', 30, '2017-09-11', 19, 'Transfer', 1),
(16, '12345678', '12345678', 'KSRTC', '681-312-101', 40, '2017-09-11', 20, 'Transfer', 1),
(17, '77845651235', '77845651235', 'KSRTC', '681-312-101', 40, '2017-09-11', 20, 'Transfer', 1),
(18, '78945612', '78945612', 'KSRTC', '681-312-101', 20, '2017-09-13', 21, 'Transfer', 1),
(19, '12345678', '432-124-105', 'KSRTC', '681-312-101', 20, '2017-09-13', 21, 'Transfer', 1),
(20, '77845651235', '285-539-103', 'KSRTC', '681-312-101', 25, '2017-09-13', 21, 'Transfer', 1),
(21, '88456512324', '3673-508-102', 'KSRTC', '681-312-101', 35, '2017-09-13', 22, 'Transfer', 1),
(22, '7845651235', '198-379-109', 'KSRTC', '681-312-101', 10, '2017-09-13', 21, 'Transfer', 1),
(23, '1111-5632-8876', '803-095-100', 'KSRTC', '681-312-101', 28, '2017-10-12', 24, 'Transfer', 1),
(24, '1111-5632-8876', '803-095-100', 'KSRTC', '681-312-101', 15, '2017-11-15', 25, 'Transfer', 1),
(25, '2345678912', '803-095-100', 'KSRTC', '681-312-101', 30, '2018-04-09', 31, 'Transfer', 1),
(26, '78945612300', '879-169-102', 'KSRTC', '681-312-101', 30, '2018-04-09', 31, 'Transfer', 1),
(27, '123879525665', '527-068-103', 'KSRTC', '681-312-101', 30, '2018-04-09', 31, 'Transfer', 1),
(28, '124563789645', '451-024-106', 'KSRTC', '681-312-101', 30, '2018-04-09', 32, 'Transfer', 1),
(29, '78964525881', '298-352-105', 'KSRTC', '681-312-101', 30, '2018-04-09', 32, 'Transfer', 1),
(30, '123879525665', '527-068-103', 'KSRTC', '681-312-101', 40, '2018-04-09', 32, 'Transfer', 1),
(31, '78964525881', '298-352-105', 'KSRTC', '681-312-101', 30, '2018-04-09', 32, 'Transfer', 1),
(32, '2345678912', '803-095-100', 'KSRTC', '681-312-101', 30, '2018-04-10', 33, 'Transfer', 1),
(33, '2345678912', '803-095-100', 'KSRTC', '681-312-101', 30, '2018-04-10', 33, 'Transfer', 1),
(34, '78945612300', '879-169-102', 'KSRTC', '681-312-101', 30, '2018-04-10', 33, 'Transfer', 1),
(35, '123879525665', '527-068-103', 'KSRTC', '681-312-101', 40, '2018-04-10', 33, 'Transfer', 1),
(36, '4578996634', '145-879-104', 'KSRTC', '681-312-101', 50, '2018-04-10', 33, 'Transfer', 1),
(37, '2345678912', '803-095-100', 'KSRTC', '681-312-101', 30, '2018-04-11', 34, 'Transfer', 1),
(38, '78945612300', '879-169-102', 'KSRTC', '681-312-101', 30, '2018-04-11', 34, 'Transfer', 1),
(39, '123879525665', '527-068-103', 'KSRTC', '681-312-101', 30, '2018-04-11', 34, 'Transfer', 1),
(40, '4578996634', '145-879-104', 'KSRTC', '681-312-101', 30, '2018-04-11', 34, 'Transfer', 1),
(41, '4578996634', '145-879-104', 'KSRTC', '681-312-101', 30, '2018-04-11', 34, 'Transfer', 1),
(42, '78964525881', '298-352-105', 'KSRTC', '681-312-101', 50, '2018-04-11', 34, 'Transfer', 1),
(43, '124563789645', '451-024-106', 'KSRTC', '681-312-101', 60, '2018-04-11', 34, 'Transfer', 1),
(44, '2345678912', '803-095-100', 'KSRTC', '681-312-101', 30, '2018-04-12', 35, 'Transfer', 1),
(45, '78945612300', '879-169-102', 'KSRTC', '681-312-101', 40, '2018-04-12', 35, 'Transfer', 1),
(46, '123879525665', '527-068-103', 'KSRTC', '681-312-101', 50, '2018-04-12', 35, 'Transfer', 1),
(47, '4578996634', '145-879-104', 'KSRTC', '681-312-101', 50, '2018-04-12', 35, 'Transfer', 1),
(48, '78964525881', '298-352-105', 'KSRTC', '681-312-101', 60, '2018-04-12', 35, 'Transfer', 1),
(49, '78964525881', '298-352-105', 'KSRTC', '681-312-101', 60, '2018-04-12', 35, 'Transfer', 1),
(50, '2345678912', '803-095-100', 'KSRTC', '681-312-101', 30, '2018-04-13', 36, 'Transfer', 1),
(51, '78945612300', '879-169-102', 'KSRTC', '681-312-101', 40, '2018-04-13', 36, 'Transfer', 1),
(52, '123879525665', '527-068-103', 'KSRTC', '681-312-101', 40, '2018-04-13', 36, 'Transfer', 1),
(53, '4578996634', '145-879-104', 'KSRTC', '681-312-101', 40, '2018-04-13', 36, 'Transfer', 1),
(54, '78964525881', '298-352-105', 'KSRTC', '681-312-101', 50, '2018-04-13', 36, 'Transfer', 1),
(55, '124563789645', '451-024-106', 'KSRTC', '681-312-101', 60, '2018-04-13', 36, 'Transfer', 1),
(56, '2345678912', '803-095-100', 'KSRTC', '681-312-101', 30, '2018-04-14', 37, 'Transfer', 1),
(57, '78945612300', '879-169-102', 'KSRTC', '681-312-101', 50, '2018-04-14', 37, 'Transfer', 1),
(58, '123879525665', '527-068-103', 'KSRTC', '681-312-101', 50, '2018-04-14', 37, 'Transfer', 1),
(59, '4578996634', '145-879-104', 'KSRTC', '681-312-101', 60, '2018-04-14', 37, 'Transfer', 1),
(60, '78964525881', '298-352-105', 'KSRTC', '681-312-101', 60, '2018-04-14', 37, 'Transfer', 1),
(61, '2345678912', '803-095-100', 'KSRTC', '681-312-101', 30, '2018-04-15', 38, 'Transfer', 1),
(62, '78945612300', '879-169-102', 'KSRTC', '681-312-101', 40, '2018-04-15', 38, 'Transfer', 1),
(63, '123879525665', '527-068-103', 'KSRTC', '681-312-101', 50, '2018-04-15', 38, 'Transfer', 1),
(64, '4578996634', '145-879-104', 'KSRTC', '681-312-101', 50, '2018-04-15', 38, 'Transfer', 1),
(65, '78964525881', '298-352-105', 'KSRTC', '681-312-101', 60, '2018-04-15', 38, 'Transfer', 1),
(66, '2345678912', '803-095-100', 'KSRTC', '681-312-101', 30, '2018-04-15', 39, 'Transfer', 1),
(67, '78945612300', '879-169-102', 'KSRTC', '681-312-101', 30, '2018-04-15', 39, 'Transfer', 1),
(68, '123879525665', '527-068-103', 'KSRTC', '681-312-101', 30, '2018-04-15', 39, 'Transfer', 1),
(69, '4578996634', '145-879-104', 'KSRTC', '681-312-101', 50, '2018-04-15', 39, 'Transfer', 1),
(70, '78964525881', '298-352-105', 'KSRTC', '681-312-101', 50, '2018-04-15', 39, 'Transfer', 1),
(71, '2345678912', '803-095-100', 'KSRTC', '681-312-101', 30, '2018-04-12', 40, 'Transfer', 1),
(72, '78945612300', '879-169-102', 'KSRTC', '681-312-101', 50, '2018-04-12', 40, 'Transfer', 1),
(73, '123879525665', '527-068-103', 'KSRTC', '681-312-101', 50, '2018-04-12', 40, 'Transfer', 1),
(74, '4578996634', '145-879-104', 'KSRTC', '681-312-101', 50, '2018-04-12', 40, 'Transfer', 1),
(75, '78964525881', '298-352-105', 'KSRTC', '681-312-101', 50, '2018-04-12', 40, 'Transfer', 1),
(76, '78964525881', '298-352-105', 'KSRTC', '681-312-101', 30, '2018-04-10', 42, 'Transfer', 1),
(77, '4578996634', '145-879-104', 'KSRTC', '681-312-101', 50, '2018-04-10', 42, 'Transfer', 0),
(78, '123879525665', '527-068-103', 'KSRTC', '681-312-101', 50, '2018-04-10', 42, 'Transfer', 0),
(79, '78945612300', '879-169-102', 'KSRTC', '681-312-101', 50, '2018-04-10', 42, 'Transfer', 0),
(80, '2345678912', '803-095-100', 'KSRTC', '681-312-101', 50, '2018-04-10', 42, 'Transfer', 1),
(81, '2345678912', '803-095-100', 'KSRTC', '681-312-101', 30, '2018-04-13', 41, 'Transfer', 1),
(82, '78945612300', '879-169-102', 'KSRTC', '681-312-101', 30, '2018-04-13', 41, 'Transfer', 0),
(83, '123879525665', '527-068-103', 'KSRTC', '681-312-101', 50, '2018-04-13', 41, 'Transfer', 0),
(84, '4578996634', '145-879-104', 'KSRTC', '681-312-101', 50, '2018-04-13', 41, 'Transfer', 0),
(85, '78964525881', '298-352-105', 'KSRTC', '681-312-101', 50, '2018-04-13', 41, 'Transfer', 0),
(86, '2345678912', '803-095-100', 'KSRTC', '681-312-101', 30, '2018-04-14', 43, 'Transfer', 0),
(87, '78945612300', '879-169-102', 'KSRTC', '681-312-101', 50, '2018-04-14', 43, 'Transfer', 0),
(88, '123879525665', '527-068-103', 'KSRTC', '681-312-101', 50, '2018-04-14', 43, 'Transfer', 0),
(89, '4578996634', '145-879-104', 'KSRTC', '681-312-101', 50, '2018-04-14', 43, 'Transfer', 0),
(90, '78964525881', '298-352-105', 'KSRTC', '681-312-101', 50, '2018-04-14', 43, 'Transfer', 0),
(91, '78945612300', '879-169-102', 'KSRTC', '681-312-101', 30, '2018-04-26', 46, 'Transfer', 0),
(92, '4578996634', '145-879-104', 'KSRTC', '681-312-101', 30, '2018-04-26', 46, 'Transfer', 0),
(93, '78964525881', '298-352-105', 'KSRTC', '681-312-101', 50, '2018-04-26', 46, 'Transfer', 0),
(94, '124563789645', '451-024-106', 'KSRTC', '681-312-101', 30, '2018-04-26', 46, 'Transfer', 1),
(95, '78964525881', '298-352-105', 'KSRTC', '681-312-101', 30, '2018-04-26', 46, 'Transfer', 0),
(96, '4578996634', '145-879-104', 'KSRTC', '681-312-101', 30, '2018-04-26', 46, 'Transfer', 0),
(97, '78964525881', '298-352-105', 'KSRTC', '681-312-101', 50, '2018-04-26', 46, 'Transfer', 0),
(98, '78945612300', '879-169-102', 'KSRTC', '681-312-101', 12, '2018-04-26', 47, 'Transfer', 1),
(99, '4578996634', '145-879-104', 'KSRTC', '681-312-101', 18, '2018-04-26', 47, 'Transfer', 0),
(100, '78964525881', '298-352-105', 'KSRTC', '681-312-101', 22, '2018-04-26', 47, 'Transfer', 0),
(101, '4578996634', '145-879-104', 'KSRTC', '681-312-101', 22, '2018-04-26', 47, 'Transfer', 0),
(102, '78964525881', '298-352-105', 'KSRTC', '681-312-101', 22, '2018-04-26', 47, 'Transfer', 0),
(103, '78945612300', '879-169-102', 'KSRTC', '681-312-101', 40, '2018-04-26', 48, 'Transfer', 0),
(104, '123879525665', '527-068-103', 'KSRTC', '681-312-101', 40, '2018-04-26', 48, 'Transfer', 0),
(105, '78964525881', '298-352-105', 'KSRTC', '681-312-101', 50, '2018-04-26', 48, 'Transfer', 0),
(106, '4578996634', '145-879-104', 'KSRTC', '681-312-101', 53, '2018-04-28', 49, 'Transfer', 0),
(107, '78964525881', '298-352-105', 'KSRTC', '681-312-101', 34, '2018-04-28', 49, 'Transfer', 0),
(108, '124563789645', '451-024-106', 'KSRTC', '681-312-101', 53, '2018-04-28', 49, 'Transfer', 0),
(109, '124563789645', '451-024-106', 'KSRTC', '681-312-101', 22, '2018-04-28', 50, 'Transfer', 0),
(110, '789654123012', '803-095-100', 'KSRTC', '681-312-101', 15, '2018-06-02', 51, 'Transfer', 0),
(111, '4578996634', '145-879-104', 'KSRTC', '681-312-101', 15, '2018-06-02', 51, 'Transfer', 0),
(112, '78964525881', '298-352-105', 'KSRTC', '681-312-101', 15, '2018-06-02', 51, 'Transfer', 0),
(113, '789654123012', '803-095-100', 'KSRTC', '681-312-101', 10, '2019-01-16', 52, 'Transfer', 0),
(114, '789654123012', '803-095-100', 'KSRTC', '681-312-101', 28, '2019-01-16', 52, 'Transfer', 0),
(115, '789654123012', '803-095-100', 'KSRTC', '681-312-101', 0, '2019-01-16', 52, 'Transfer', 0),
(116, '789654123012', '803-095-100', 'KSRTC', '681-312-101', 28, '2019-01-16', 52, 'Transfer', 0),
(117, '129988798555', '451-024-106', 'KSRTC', '681-312-101', 10, '2019-01-19', 53, 'Transfer', 0),
(118, '789654154433', '803-095-100', 'KSRTC', '681-312-101', 20, '2019-01-19', 53, 'Transfer', 0),
(119, '129988798555', '451-024-106', 'KSRTC', '681-312-101', 15, '2019-01-28', 54, 'Transfer', 0),
(120, '129988798555', '451-024-106', 'KSRTC', '681-312-101', 20, '2019-01-29', 55, 'Transfer', 0),
(121, '789654154433', '803-095-100', 'KSRTC', '681-312-101', 12, '2019-01-29', 56, 'Transfer', 0),
(122, '129988798555', '451-024-106', 'KSRTC', '681-312-101', 20, '2019-01-31', 57, 'Transfer', 0);

-- --------------------------------------------------------

--
-- Table structure for table `dailt_trip_stop`
--

CREATE TABLE IF NOT EXISTS `dailt_trip_stop` (
  `id` int(11) NOT NULL AUTO_INCREMENT,
  `dt` date NOT NULL,
  `daily_tripid` int(11) NOT NULL COMMENT 'id frm daily_trip',
  `jn_nme` varchar(150) NOT NULL,
  `jn_id` int(11) NOT NULL,
  `tim` int(11) NOT NULL,
  PRIMARY KEY (`id`)
) ENGINE=InnoDB  DEFAULT CHARSET=latin1 AUTO_INCREMENT=112 ;

--
-- Dumping data for table `dailt_trip_stop`
--

INSERT INTO `dailt_trip_stop` (`id`, `dt`, `daily_tripid`, `jn_nme`, `jn_id`, `tim`) VALUES
(1, '2017-07-31', 4, 'Kilimanoor', 10, 1501453722),
(2, '2017-07-31', 4, 'Karette', 12, 1501453905),
(3, '2017-07-30', 1, 'Kilimanoor', 10, 1501442539),
(4, '2017-07-31', 5, 'Kilimanoor', 10, 1501452093),
(5, '2017-07-31', 5, 'Karette', 12, 1501452116),
(6, '2017-07-31', 5, 'Venjaramod', 13, 1501452158),
(7, '2017-07-31', 5, 'Vembayam', 14, 1501452224),
(8, '2017-07-31', 6, 'Thampanoor', 1, 1501452560),
(9, '2017-08-01', 7, 'Kilimanoor', 10, 1501561177),
(10, '2017-08-14', 8, 'Kilimanoor', 10, 1502716082),
(11, '2017-08-14', 9, 'Thampanoor', 1, 1502717043),
(12, '2017-08-14', 10, 'Kilimanoor', 10, 1502723258),
(13, '2017-08-14', 11, 'Thampanoor', 20, 1502723271),
(14, '2017-08-14', 11, 'PMG', 21, 1502723727),
(15, '2017-08-14', 9, 'PMG', 2, 1502724202),
(16, '2017-08-14', 9, 'Pattom', 3, 1502724471),
(17, '2017-08-16', 12, 'Kilimanoor', 10, 1502865681),
(18, '2017-09-08', 13, 'Kilimanoor', 10, 1504855185),
(19, '2017-09-08', 14, '', 0, 1504887214),
(20, '2017-09-08', 14, 'chinnakada', 25, 1504887223),
(21, '2017-09-09', 15, 'Kilimanoor', 10, 1504932142),
(22, '2017-09-09', 16, 'chinnakada', 25, 1504953075),
(23, '2017-09-10', 17, 'chinnakada', 37, 1505038153),
(24, '2017-09-10', 17, '', 0, 1505038248),
(25, '2017-09-10', 17, 'kadappakada', 38, 1505038254),
(26, '2017-09-10', 17, 'second mile stone', 39, 1505038353),
(27, '2017-09-10', 18, 'Kilimanoor', 10, 1505062900),
(28, '2017-09-11', 19, 'chinnakada', 37, 1505110440),
(29, '2017-09-11', 20, 'college junction', 26, 1505112314),
(30, '2017-09-13', 21, 'kadappakada', 38, 1505277953),
(31, '2017-09-13', 22, 'chinnakada', 25, 1505286224),
(32, '2017-09-13', 21, 'second mile stone', 39, 1505287996),
(33, '2017-09-13', 21, 'third mile stone', 41, 1505288077),
(34, '2017-10-12', 24, 'Kilimanoor', 10, 1507784541),
(35, '2017-11-15', 25, 'Thampanoor', 51, 1510719309),
(36, '2017-11-15', 26, 'Mananthala', 64, 1510728378),
(37, '2017-11-15', 26, 'Vattappara', 63, 1510728682),
(38, '2017-11-15', 26, '', 0, 1510728903),
(39, '2017-11-15', 26, 'Vattappara', 63, 1510728913),
(40, '2017-11-15', 26, 'Vattappara', 63, 1510729144),
(41, '2017-11-15', 27, 'ernakulam north', 69, 1510729813),
(42, '2017-11-15', 27, 'palarivattom', 70, 1510729850),
(43, '2017-11-15', 27, 'palarivattom', 70, 1510730179),
(44, '2017-11-15', 27, 'ernakulam north', 69, 1510730235),
(45, '2017-11-22', 28, 'Mananthala', 64, 1511343702),
(46, '2017-11-22', 28, 'Vattappara', 63, 1511343708),
(47, '2018-04-08', 29, 'chinnakada', 25, 1523176246),
(48, '2018-04-08', 30, 'Thampanoor', 1, 1523177395),
(49, '2018-04-09', 31, 'attingal', 75, 1523254959),
(50, '2018-04-09', 31, 'alamcode', 76, 1523255046),
(51, '2018-04-09', 32, 'attingal', 78, 1523255649),
(52, '2018-04-09', 32, 'alamcode', 79, 1523255781),
(53, '2018-04-09', 32, 'kallambalam', 80, 1523255907),
(54, '2018-04-09', 32, 'paripally', 81, 1523255943),
(55, '2018-04-09', 32, 'chinnakada', 82, 1523255971),
(56, '2018-04-10', 33, 'attingal', 78, 1523333626),
(57, '2018-04-11', 34, 'attingal', 78, 1523420517),
(58, '2018-04-11', 34, 'alamcode', 79, 1523420648),
(59, '2018-04-11', 34, 'kallambalam', 80, 1523420651),
(60, '2018-04-11', 34, 'paripally', 81, 1523420655),
(61, '2018-04-11', 34, 'chinnakada', 82, 1523420659),
(62, '2018-04-12', 35, 'attingal', 78, 1523507124),
(63, '2018-04-12', 35, 'alamcode', 79, 1523507210),
(64, '2018-04-12', 35, 'kallambalam', 80, 1523507214),
(65, '2018-04-12', 35, 'paripally', 81, 1523507217),
(66, '2018-04-12', 35, 'chinnakada', 82, 1523507221),
(67, '2018-04-13', 36, 'attingal', 78, 1523593652),
(68, '2018-04-14', 37, 'attingal', 78, 1523680197),
(69, '2018-04-14', 37, 'alamcode', 79, 1523680252),
(70, '2018-04-14', 37, 'kallambalam', 80, 1523680254),
(71, '2018-04-14', 37, 'paripally', 81, 1523680257),
(72, '2018-04-14', 37, 'chinnakada', 82, 1523680259),
(73, '2018-04-15', 38, 'attingal', 78, 1523766682),
(74, '2018-04-15', 38, 'alamcode', 79, 1523766733),
(75, '2018-04-15', 38, 'kallambalam', 80, 1523766735),
(76, '2018-04-15', 38, 'paripally', 81, 1523766738),
(77, '2018-04-15', 38, 'chinnakada', 82, 1523766740),
(78, '2018-04-15', 39, 'attingal', 75, 1523767021),
(79, '2018-04-15', 39, 'alamcode', 76, 1523767091),
(80, '2018-04-15', 39, 'Kilimanoor', 77, 1523767094),
(81, '2018-04-12', 40, 'attingal', 75, 1523508124),
(82, '2018-04-12', 40, 'alamcode', 76, 1523508197),
(83, '2018-04-12', 40, 'Kilimanoor', 77, 1523508200),
(84, '2018-04-10', 42, 'attingal', 75, 1523335532),
(85, '2018-04-10', 42, 'alamcode', 76, 1523335574),
(86, '2018-04-10', 42, 'Kilimanoor', 77, 1523335576),
(87, '2018-04-13', 41, 'attingal', 75, 1523594812),
(88, '2018-04-13', 41, 'alamcode', 76, 1523594854),
(89, '2018-04-13', 41, 'Kilimanoor', 77, 1523594858),
(90, '2018-04-14', 43, 'attingal', 75, 1523681278),
(91, '2018-04-14', 43, 'alamcode', 76, 1523681320),
(92, '2018-04-14', 43, 'Kilimanoor', 77, 1523681324),
(93, '2018-04-10', 44, 'Thampanoor', 1, 1523350402),
(94, '2018-04-10', 45, '', 0, 1523350542),
(95, '2018-04-26', 46, 'attingal', 75, 1524726530),
(96, '2018-04-26', 47, 'Kilimanoor', 10, 1524730341),
(97, '2018-04-26', 48, 'attingal', 78, 1524739695),
(98, '2018-04-28', 49, 'Vattappara', 63, 1524890592),
(99, '2018-04-28', 49, 'Kollam', 68, 1524890771),
(100, '2018-04-28', 50, 'Kilimanoor', 10, 1524891544),
(101, '2018-06-02', 51, 'Thampanoor', 87, 1527930715),
(102, '2019-01-16', 52, 'Thampanoor', 100, 1547620542),
(103, '2019-01-16', 52, 'PMG', 101, 1547620629),
(104, '2019-01-19', 53, 'Thampanoor', 100, 1547895408),
(105, '2019-01-28', 54, 'Thampanoor', 100, 1548672888),
(106, '2019-01-29', 55, 'Thampanoor', 100, 1548739274),
(107, '2019-01-29', 55, 'PMG', 101, 1548739389),
(108, '2019-01-29', 55, 'Venjaramod', 105, 1548739603),
(109, '2019-01-29', 55, 'Thampanoor', 100, 1548747503),
(110, '2019-01-29', 56, 'Thampanoor', 20, 1548752015),
(111, '2019-01-31', 57, 'PMG', 101, 1548914159);

-- --------------------------------------------------------

--
-- Table structure for table `daily_trip`
--

CREATE TABLE IF NOT EXISTS `daily_trip` (
  `id` int(11) NOT NULL AUTO_INCREMENT,
  `date` date NOT NULL,
  `bus_id` int(11) NOT NULL,
  `conductr` varchar(150) NOT NULL,
  `trip_id` int(11) NOT NULL COMMENT 'id frm trip_data',
  `path_id` int(11) NOT NULL COMMENT 'id frm path_data',
  `amt` int(11) NOT NULL,
  `st` int(11) NOT NULL,
  PRIMARY KEY (`id`)
) ENGINE=InnoDB  DEFAULT CHARSET=latin1 AUTO_INCREMENT=59 ;

--
-- Dumping data for table `daily_trip`
--

INSERT INTO `daily_trip` (`id`, `date`, `bus_id`, `conductr`, `trip_id`, `path_id`, `amt`, `st`) VALUES
(1, '2017-07-30', 3, 'kmr-001', 3, 3, 18, 0),
(3, '2017-07-30', 4, 'kmr-002', 5, 3, 0, 0),
(4, '2017-07-31', 4, 'kmr-002', 5, 3, 0, 0),
(5, '2017-07-31', 3, 'kmr-001', 3, 3, 86, 1),
(6, '2017-07-31', 3, 'kmr-001', 4, 2, 46, 1),
(7, '2017-08-01', 3, 'kmr-001', 3, 3, 36, 0),
(8, '2017-08-14', 3, 'kmr-001', 3, 3, 22, 1),
(9, '2017-08-14', 3, 'kmr-001', 4, 2, 92, 0),
(10, '2017-08-14', 4, 'kmr-002', 5, 3, 0, 1),
(11, '2017-08-14', 4, 'kmr-002', 6, 4, 0, 0),
(12, '2017-08-16', 3, 'kmr-001', 3, 3, 18, 0),
(13, '2017-09-08', 3, 'kmr-001', 3, 3, 22, 0),
(14, '2017-09-08', 1, 'tvm-002', 1, 5, 55, 1),
(15, '2017-09-09', 3, 'kmr-001', 3, 3, 0, 0),
(16, '2017-09-09', 1, 'tvm-002', 1, 5, 50, 0),
(17, '2017-09-10', 6, 'cnkd3', 8, 6, 155, 1),
(18, '2017-09-10', 3, 'kmr-001', 3, 3, 0, 0),
(19, '2017-09-11', 6, 'cnkd3', 8, 6, 30, 0),
(20, '2017-09-11', 1, 'tvm-002', 1, 5, 80, 0),
(21, '2017-09-13', 6, 'cnkd3', 8, 6, 75, 0),
(22, '2017-09-13', 1, 'tvm-002', 1, 5, 35, 1),
(23, '2017-09-13', 1, 'tvm-002', 2, 0, 0, 0),
(24, '2017-10-12', 3, 'kmr-001', 3, 3, 28, 0),
(25, '2017-11-15', 2, 'biju123', 9, 1, 15, 0),
(26, '2017-11-15', 8, 'kiraxxx', 10, 9, 0, 1),
(27, '2017-11-15', 9, 'gauth678', 11, 11, 0, 1),
(28, '2017-11-22', 8, 'kiraxxx', 10, 9, 0, 0),
(29, '2018-04-08', 1, 'tvm-002', 1, 5, 0, 1),
(30, '2018-04-08', 10, 'tvm-002', 12, 2, 0, 0),
(31, '2018-04-09', 11, 'ro123', 14, 12, 90, 1),
(32, '2018-04-09', 12, 'sr123', 15, 13, 130, 1),
(33, '2018-04-10', 12, 'sr123', 15, 13, 180, 1),
(34, '2018-04-11', 12, 'sr123', 15, 13, 260, 1),
(35, '2018-04-12', 12, 'sr123', 15, 13, 290, 1),
(36, '2018-04-13', 12, 'sr123', 15, 13, 260, 1),
(37, '2018-04-14', 12, 'sr123', 15, 13, 250, 1),
(38, '2018-04-15', 12, 'sr123', 15, 13, 230, 1),
(39, '2018-04-15', 11, 'ro123', 14, 12, 190, 1),
(40, '2018-04-12', 11, 'ro123', 14, 12, 230, 1),
(41, '2018-04-13', 11, 'ro123', 14, 12, 210, 1),
(42, '2018-04-10', 11, 'ro123', 14, 12, 230, 1),
(43, '2018-04-14', 11, 'ro123', 14, 12, 230, 1),
(44, '2018-04-10', 10, 'tvm-002', 12, 2, 0, 1),
(45, '2018-04-10', 10, 'tvm-002', 13, 0, 0, 1),
(46, '2018-04-26', 11, 'ro123', 14, 12, 250, 0),
(47, '2018-04-26', 14, 'jane123', 16, 3, 96, 0),
(48, '2018-04-26', 15, 'zrh123', 17, 13, 130, 0),
(49, '2018-04-28', 16, 'bw123', 18, 9, 140, 1),
(50, '2018-04-28', 14, 'jane123', 16, 3, 22, 0),
(51, '2018-06-02', 17, 'tr123', 19, 15, 45, 0),
(52, '2019-01-16', 19, 'jas123', 21, 18, 66, 1),
(53, '2019-01-19', 19, 'jas123', 21, 18, 30, 0),
(54, '2019-01-28', 19, 'jas123', 21, 18, 15, 0),
(55, '2019-01-29', 19, 'jas123', 21, 18, 20, 1),
(56, '2019-01-29', 19, 'jas123', 22, 4, 12, 0),
(57, '2019-01-31', 19, 'jas123', 21, 18, 20, 1),
(58, '2019-01-31', 19, 'jas123', 22, 4, 0, 0);

-- --------------------------------------------------------

--
-- Table structure for table `district`
--

CREATE TABLE IF NOT EXISTS `district` (
  `DistCode` int(11) NOT NULL AUTO_INCREMENT,
  `StCode` int(11) DEFAULT NULL,
  `DistrictName` varchar(200) DEFAULT NULL,
  PRIMARY KEY (`DistCode`),
  KEY `StCode` (`StCode`)
) ENGINE=MyISAM  DEFAULT CHARSET=latin1 AUTO_INCREMENT=651 ;

--
-- Dumping data for table `district`
--

INSERT INTO `district` (`DistCode`, `StCode`, `DistrictName`) VALUES
(1, 1, 'North and Middle Andama'),
(2, 1, 'South Andama'),
(3, 1, 'Nicobar'),
(4, 2, 'Anantapur'),
(5, 2, 'Chittoor'),
(6, 2, 'East Godavari'),
(7, 2, 'Guntur'),
(8, 2, 'Krishna'),
(9, 2, 'Kurnool'),
(10, 2, 'Prakasam'),
(11, 2, 'Srikakulam'),
(12, 2, 'Sri Potti Sri Ramulu Nellore'),
(13, 2, 'Vishakhapatnam'),
(14, 2, 'Vizianagaram'),
(15, 2, 'West Godavari'),
(16, 2, 'Cudappah'),
(17, 3, 'Anjaw'),
(18, 3, 'Changlang'),
(19, 3, 'East Siang'),
(20, 3, 'East Kameng'),
(21, 3, 'Kurung Kumey'),
(22, 3, 'Lohit'),
(23, 3, 'Lower Dibang Valley'),
(24, 3, 'Lower Subansiri'),
(25, 3, 'Papum Pare'),
(26, 3, 'Tawang'),
(27, 3, 'Tirap'),
(28, 3, 'Dibang Valley'),
(29, 3, 'Upper Siang'),
(30, 3, 'Upper Subansiri'),
(31, 3, 'West Kameng'),
(32, 3, 'West Siang'),
(33, 4, 'Baksa'),
(34, 4, 'Barpeta'),
(35, 4, 'Bongaigao'),
(36, 4, 'Cachar'),
(37, 4, 'Chirang'),
(38, 4, 'Darrang'),
(39, 4, 'Dhemaji'),
(40, 4, 'Dima Hasao'),
(41, 4, 'Dhubri'),
(42, 4, 'Dibrugarh'),
(43, 4, 'Goalpara'),
(44, 4, 'Golaghat'),
(45, 4, 'Hailakandi'),
(46, 4, 'Jorhat'),
(47, 4, 'Kamrup'),
(48, 4, 'Kamrup Metropolita'),
(49, 4, 'Karbi Anglong'),
(50, 4, 'Karimganj'),
(51, 4, 'Kokrajhar'),
(52, 4, 'Lakhimpur'),
(53, 4, 'Morigao'),
(54, 4, 'Nagao'),
(55, 4, 'Nalbari'),
(56, 4, 'Sivasagar'),
(57, 4, 'Sonitpur'),
(58, 4, 'Tinsukia'),
(59, 4, 'Udalguri'),
(60, 5, 'Araria'),
(61, 5, 'Arwal'),
(62, 5, 'Aurangabad'),
(63, 5, 'Banka'),
(64, 5, 'Begusarai'),
(65, 5, 'Bhagalpur'),
(66, 5, 'Bhojpur'),
(67, 5, 'Buxar'),
(68, 5, 'Darbhanga'),
(69, 5, 'East Champara'),
(70, 5, 'Gaya'),
(71, 5, 'Gopalganj'),
(72, 5, 'Jamui'),
(73, 5, 'Jehanabad'),
(74, 5, 'Kaimur'),
(75, 5, 'Katihar'),
(76, 5, 'Khagaria'),
(77, 5, 'Kishanganj'),
(78, 5, 'Lakhisarai'),
(79, 5, 'Madhepura'),
(80, 5, 'Madhubani'),
(81, 5, 'Munger'),
(82, 5, 'Muzaffarpur'),
(83, 5, 'Nalanda'),
(84, 5, 'Nawada'),
(85, 5, 'Patna'),
(86, 5, 'Purnia'),
(87, 5, 'Rohtas'),
(88, 5, 'Saharsa'),
(89, 5, 'Samastipur'),
(90, 5, 'Sara'),
(91, 5, 'Sheikhpura'),
(92, 5, 'Sheohar'),
(93, 5, 'Sitamarhi'),
(94, 5, 'Siwa'),
(95, 5, 'Supaul'),
(96, 5, 'Vaishali'),
(97, 5, 'West Champara'),
(98, 6, 'Chandigarh'),
(99, 7, 'Bastar'),
(100, 7, 'Bijapur'),
(101, 7, 'Bilaspur'),
(102, 7, 'Dantewada'),
(103, 7, 'Dhamtari'),
(104, 7, 'Durg'),
(105, 7, 'Jashpur'),
(106, 7, 'Janjgir-Champa'),
(107, 7, 'Korba'),
(108, 7, 'Koriya'),
(109, 7, 'Kanker'),
(110, 7, 'Kabirdham (formerly Kawardha);'),
(111, 7, 'Mahasamund'),
(112, 7, 'Narayanpur'),
(113, 7, 'Raigarh'),
(114, 7, 'Rajnandgao'),
(115, 7, 'Raipur'),
(116, 7, 'Surajpur'),
(117, 8, 'Dadra and Nagar Haveli'),
(118, 9, 'Dama'),
(119, 9, 'Diu'),
(120, 10, 'Central Delhi'),
(121, 10, 'East Delhi'),
(122, 10, 'New Delhi'),
(123, 10, 'North Delhi'),
(124, 10, 'North East Delhi'),
(125, 10, 'North West Delhi'),
(126, 10, 'South Delhi'),
(127, 10, 'South West Delhi'),
(128, 10, 'West Delhi'),
(129, 11, 'North Goa'),
(130, 11, 'South Goa'),
(131, 12, 'Ahmedabad'),
(132, 12, 'Amreli'),
(133, 12, 'Anand'),
(134, 12, 'Aravalli'),
(135, 12, 'Banaskantha'),
(136, 12, 'Bharuch'),
(137, 12, 'Bhavnagar'),
(138, 12, 'Dahod'),
(139, 12, 'Dang'),
(140, 12, 'Gandhinagar'),
(141, 12, 'Jamnagar'),
(142, 12, 'Junagadh'),
(143, 12, 'Kutch'),
(144, 12, 'Kheda'),
(145, 12, 'Mehsana'),
(146, 12, 'Narmada'),
(147, 12, 'Navsari'),
(148, 12, 'Pata'),
(149, 12, 'Panchmahal'),
(150, 12, 'Porbandar'),
(151, 12, 'Rajkot'),
(152, 12, 'Sabarkantha'),
(153, 12, 'Surendranagar'),
(154, 12, 'Surat'),
(155, 12, 'Tapi'),
(156, 12, 'Vadodara'),
(157, 12, 'Valsad'),
(158, 13, 'Ambala'),
(159, 13, 'Bhiwani'),
(160, 13, 'Faridabad'),
(161, 13, 'Fatehabad'),
(162, 13, 'Gurgao'),
(163, 13, 'Hissar'),
(164, 13, 'Jhajjar'),
(165, 13, 'Jind'),
(166, 13, 'Karnal'),
(167, 13, 'Kaithal'),
(168, 13, 'Kurukshetra'),
(169, 13, 'Mahendragarh'),
(170, 13, 'Mewat'),
(171, 13, 'Palwal'),
(172, 13, 'Panchkula'),
(173, 13, 'Panipat'),
(174, 13, 'Rewari'),
(175, 13, 'Rohtak'),
(176, 13, 'Sirsa'),
(177, 13, 'Sonipat'),
(178, 13, 'Yamuna Nagar'),
(179, 14, 'Bilaspur'),
(180, 14, 'Chamba'),
(181, 14, 'Hamirpur'),
(182, 14, 'Kangra'),
(183, 14, 'Kinnaur'),
(184, 14, 'Kullu'),
(185, 14, 'Lahaul and Spiti'),
(186, 14, 'Mandi'),
(187, 14, 'Shimla'),
(188, 14, 'Sirmaur'),
(189, 14, 'Sola'),
(190, 14, 'Una'),
(191, 15, 'Anantnag'),
(192, 15, 'Badgam'),
(193, 15, 'Bandipora'),
(194, 15, 'Baramulla'),
(195, 15, 'Doda'),
(196, 15, 'Ganderbal'),
(197, 15, 'Jammu'),
(198, 15, 'Kargil'),
(199, 15, 'Kathua'),
(200, 15, 'Kishtwar'),
(202, 15, 'Kupwara'),
(203, 15, 'Kulgam'),
(204, 15, 'Leh'),
(205, 15, 'Poonch'),
(206, 15, 'Pulwama'),
(207, 15, 'Rajouri'),
(208, 15, 'Ramba'),
(209, 15, 'Reasi'),
(210, 15, 'Samba'),
(211, 15, 'Shopia'),
(212, 15, 'Srinagar'),
(213, 15, 'Udhampur'),
(214, 16, 'Bokaro'),
(215, 16, 'Chatra'),
(216, 16, 'Deoghar'),
(217, 16, 'Dhanbad'),
(218, 16, 'Dumka'),
(219, 16, 'East Singhbhum'),
(220, 16, 'Garhwa'),
(221, 16, 'Giridih'),
(222, 16, 'Godda'),
(223, 16, 'Gumla'),
(224, 16, 'Hazaribag'),
(225, 16, 'Jamtara'),
(226, 16, 'Khunti'),
(227, 16, 'Koderma'),
(228, 16, 'Latehar'),
(229, 16, 'Lohardaga'),
(230, 16, 'Pakur'),
(231, 16, 'Palamu'),
(232, 16, 'Ramgarh'),
(233, 16, 'Ranchi'),
(234, 16, 'Sahibganj'),
(235, 16, 'Seraikela Kharsawa'),
(236, 16, 'Simdega'),
(237, 16, 'West Singhbhum'),
(238, 17, 'Bagalkot'),
(239, 17, 'Bangalore Rural'),
(240, 17, 'Bangalore Urba'),
(241, 17, 'Belgaum'),
(242, 17, 'Bellary'),
(243, 17, 'Bidar'),
(244, 17, 'Bijapur'),
(245, 17, 'Chamarajnagar'),
(246, 17, 'Chikkamagaluru'),
(247, 17, 'Chikkaballapur'),
(248, 17, 'Chitradurga'),
(249, 17, 'Davanagere'),
(250, 17, 'Dharwad'),
(251, 17, 'Dakshina Kannada'),
(252, 17, 'Gadag'),
(253, 17, 'Gulbarga'),
(254, 17, 'Hassa'),
(255, 17, 'Haveri'),
(256, 17, 'Kodagu'),
(257, 17, 'Kolar'),
(258, 17, 'Koppal'),
(259, 17, 'Mandya'),
(260, 17, 'Mysore'),
(261, 17, 'Raichur'),
(262, 17, 'Shimoga'),
(263, 17, 'Tumkur'),
(264, 17, 'Udupi'),
(265, 17, 'Uttara Kannada'),
(266, 17, 'Ramanagara'),
(267, 17, 'Yadgir'),
(268, 18, 'Alappuzha'),
(269, 18, 'Ernakulam'),
(270, 18, 'Idukki'),
(271, 18, 'Kannur'),
(272, 18, 'Kasaragod'),
(273, 18, 'Kollam'),
(274, 18, 'Kottayam'),
(275, 18, 'Kozhikode'),
(276, 18, 'Malappuram'),
(277, 18, 'Palakkad'),
(278, 18, 'Pathanamthitta'),
(279, 18, 'Thrissur'),
(280, 18, 'Thiruvananthapuram'),
(281, 18, 'Wayanad'),
(282, 19, 'Lakshadweep'),
(283, 20, 'Agar'),
(284, 20, 'Alirajpur'),
(285, 20, 'Anuppur'),
(286, 20, 'Ashok Nagar'),
(287, 20, 'Balaghat'),
(288, 20, 'Barwani'),
(289, 20, 'Betul'),
(290, 20, 'Bhind'),
(291, 20, 'Bhopal'),
(292, 20, 'Burhanpur'),
(293, 20, 'Chhatarpur'),
(294, 20, 'Chhindwara'),
(295, 20, 'Damoh'),
(296, 20, 'Datia'),
(297, 20, 'Dewas'),
(298, 20, 'Dhar'),
(299, 20, 'Dindori'),
(300, 20, 'Guna'),
(301, 20, 'Gwalior'),
(302, 20, 'Harda'),
(303, 20, 'Hoshangabad'),
(304, 20, 'Indore'),
(305, 20, 'Jabalpur'),
(306, 20, 'Jhabua'),
(307, 20, 'Katni'),
(308, 20, 'Khandwa (East Nimar);'),
(309, 20, 'Khargone (West Nimar);'),
(310, 20, 'Mandla'),
(311, 20, 'Mandsaur'),
(312, 20, 'Morena'),
(313, 20, 'Narsinghpur'),
(314, 20, 'Neemuch'),
(315, 20, 'Panna'),
(316, 20, 'Raise'),
(317, 20, 'Rajgarh'),
(318, 20, 'Ratlam'),
(319, 20, 'Rewa'),
(320, 20, 'Sagar'),
(321, 20, 'Satna'),
(322, 20, 'Sehore'),
(323, 20, 'Seoni'),
(324, 20, 'Shahdol'),
(325, 20, 'Shajapur'),
(326, 20, 'Sheopur'),
(327, 20, 'Shivpuri'),
(328, 20, 'Sidhi'),
(329, 20, 'Singrauli'),
(330, 20, 'Tikamgarh'),
(331, 20, 'Ujjai'),
(332, 20, 'Umaria'),
(333, 20, 'Vidisha'),
(334, 21, 'Ahmednagar'),
(335, 21, 'Akola'),
(336, 21, 'Amravati'),
(337, 21, 'Aurangabad'),
(338, 21, 'Beed'),
(339, 21, 'Bhandara'),
(340, 21, 'Buldhana'),
(341, 21, 'Chandrapur'),
(342, 21, 'Dhule'),
(343, 21, 'Gadchiroli'),
(344, 21, 'Gondia'),
(345, 21, 'Hingoli'),
(346, 21, 'Jalgao'),
(347, 21, 'Jalna'),
(348, 21, 'Kolhapur'),
(349, 21, 'Latur'),
(350, 21, 'Mumbai City'),
(351, 21, 'Mumbai suburba'),
(352, 21, 'Nanded'),
(353, 21, 'Nandurbar'),
(354, 21, 'Nagpur'),
(355, 21, 'Nashik'),
(356, 21, 'Osmanabad'),
(357, 21, 'Parbhani'),
(358, 21, 'Pune'),
(359, 21, 'Raigad'),
(360, 21, 'Ratnagiri'),
(361, 21, 'Sangli'),
(362, 21, 'Satara'),
(363, 21, 'Sindhudurg'),
(364, 21, 'Solapur'),
(365, 21, 'Thane'),
(366, 21, 'Wardha'),
(367, 21, 'Washim'),
(368, 21, 'Yavatmal'),
(369, 22, 'Bishnupur'),
(370, 22, 'Churachandpur'),
(371, 22, 'Chandel'),
(372, 22, 'Imphal East'),
(373, 22, 'Senapati'),
(374, 22, 'Tamenglong'),
(375, 22, 'Thoubal'),
(376, 22, 'Ukhrul'),
(377, 22, 'Imphal West'),
(378, 23, 'East Garo Hills'),
(379, 23, 'East Khasi Hills'),
(380, 23, 'Jaintia Hills'),
(381, 23, 'Ri Bhoi'),
(382, 23, 'South Garo Hills'),
(383, 23, 'West Garo Hills'),
(384, 23, 'West Khasi Hills'),
(385, 24, 'Aizawl'),
(386, 24, 'Champhai'),
(387, 24, 'Kolasib'),
(388, 24, 'Lawngtlai'),
(389, 24, 'Lunglei'),
(390, 24, 'Mamit'),
(391, 24, 'Saiha'),
(392, 24, 'Serchhip'),
(393, 25, 'Dimapur'),
(394, 25, 'Kiphire'),
(395, 25, 'Kohima'),
(396, 25, 'Longleng'),
(397, 25, 'Mokokchung'),
(398, 25, 'Mo'),
(399, 25, 'Pere'),
(400, 25, 'Phek'),
(401, 25, 'Tuensang'),
(402, 25, 'Wokha'),
(403, 25, 'Zunheboto'),
(404, 26, 'Angul'),
(405, 26, 'Boudh (Bauda);'),
(406, 26, 'Bhadrak'),
(407, 26, 'Balangir'),
(408, 26, 'Bargarh (Baragarh);'),
(409, 26, 'Balasore'),
(410, 26, 'Cuttack'),
(411, 26, 'Debagarh (Deogarh);'),
(412, 26, 'Dhenkanal'),
(413, 26, 'Ganjam'),
(414, 26, 'Gajapati'),
(415, 26, 'Jharsuguda'),
(416, 26, 'Jajpur'),
(417, 26, 'Jagatsinghpur'),
(418, 26, 'Khordha'),
(419, 26, 'Kendujhar (Keonjhar);'),
(420, 26, 'Kalahandi'),
(421, 26, 'Kandhamal'),
(422, 26, 'Koraput'),
(423, 26, 'Kendrapara'),
(424, 26, 'Malkangiri'),
(425, 26, 'Mayurbhanj'),
(426, 26, 'Nabarangpur'),
(427, 26, 'Nuapada'),
(428, 26, 'Nayagarh'),
(429, 26, 'Puri'),
(430, 26, 'Rayagada'),
(431, 26, 'Sambalpur'),
(432, 26, 'Subarnapur (Sonepur);'),
(433, 26, 'Sundergarh'),
(434, 27, 'Karaikal'),
(435, 27, 'Mahe'),
(436, 27, 'Pondicherry'),
(437, 27, 'Yanam'),
(438, 28, 'Amritsar'),
(439, 28, 'Barnala'),
(440, 28, 'Bathinda'),
(441, 28, 'Firozpur'),
(442, 28, 'Faridkot'),
(443, 28, 'Fatehgarh Sahib'),
(444, 28, 'Fazilka'),
(445, 28, 'Gurdaspur'),
(446, 28, 'Hoshiarpur'),
(447, 28, 'Jalandhar'),
(448, 28, 'Kapurthala'),
(449, 28, 'Ludhiana'),
(450, 28, 'Mansa'),
(451, 28, 'Moga'),
(452, 28, 'Sri Muktsar Sahib'),
(453, 28, 'Pathankot'),
(454, 28, 'Patiala'),
(455, 28, 'Rupnagar'),
(456, 28, 'Ajitgarh (Mohali);'),
(457, 28, 'Sangrur'),
(458, 28, 'Shahid Bhagat Singh Nagar'),
(459, 28, 'Tarn Tara'),
(460, 29, 'Ajmer'),
(461, 29, 'Alwar'),
(462, 29, 'Bikaner'),
(463, 29, 'Barmer'),
(464, 29, 'Banswara'),
(465, 29, 'Bharatpur'),
(466, 29, 'Bara'),
(467, 29, 'Bundi'),
(468, 29, 'Bhilwara'),
(469, 29, 'Churu'),
(470, 29, 'Chittorgarh'),
(471, 29, 'Dausa'),
(472, 29, 'Dholpur'),
(473, 29, 'Dungapur'),
(474, 29, 'Ganganagar'),
(475, 29, 'Hanumangarh'),
(476, 29, 'Jhunjhunu'),
(477, 29, 'Jalore'),
(478, 29, 'Jodhpur'),
(479, 29, 'Jaipur'),
(480, 29, 'Jaisalmer'),
(481, 29, 'Jhalawar'),
(482, 29, 'Karauli'),
(483, 29, 'Kota'),
(484, 29, 'Nagaur'),
(485, 29, 'Pali'),
(486, 29, 'Pratapgarh'),
(487, 29, 'Rajsamand'),
(488, 29, 'Sikar'),
(489, 29, 'Sawai Madhopur'),
(490, 29, 'Sirohi'),
(491, 29, 'Tonk'),
(492, 29, 'Udaipur'),
(493, 30, 'East Sikkim'),
(494, 30, 'North Sikkim'),
(495, 30, 'South Sikkim'),
(496, 30, 'West Sikkim'),
(497, 31, 'Ariyalur'),
(498, 31, 'Chennai'),
(499, 31, 'Coimbatore'),
(500, 31, 'Cuddalore'),
(501, 31, 'Dharmapuri'),
(502, 31, 'Dindigul'),
(503, 31, 'Erode'),
(504, 31, 'Kanchipuram'),
(505, 31, 'Kanyakumari'),
(506, 31, 'Karur'),
(507, 31, 'Krishnagiri'),
(508, 31, 'Madurai'),
(509, 31, 'Nagapattinam'),
(510, 31, 'Nilgiris'),
(511, 31, 'Namakkal'),
(512, 31, 'Perambalur'),
(513, 31, 'Pudukkottai'),
(514, 31, 'Ramanathapuram'),
(515, 31, 'Salem'),
(516, 31, 'Sivaganga'),
(517, 31, 'Tirupur'),
(518, 31, 'Tiruchirappalli'),
(519, 31, 'Theni'),
(520, 31, 'Tirunelveli'),
(521, 31, 'Thanjavur'),
(522, 31, 'Thoothukudi'),
(523, 31, 'Tiruvallur'),
(524, 31, 'Tiruvarur'),
(525, 31, 'Tiruvannamalai'),
(526, 31, 'Vellore'),
(527, 31, 'Viluppuram'),
(528, 31, 'Virudhunagar'),
(529, 32, 'Adilabad'),
(530, 32, 'Hyderabad'),
(531, 32, 'Karimnagar'),
(532, 32, 'Khammam'),
(533, 32, 'Mahbubnagar'),
(534, 32, 'Medak'),
(535, 32, 'Nalgonda'),
(536, 32, 'Nizamabad'),
(537, 32, 'Ranga Reddy'),
(538, 32, 'Warangal'),
(539, 33, 'Dhalai'),
(540, 33, 'North Tripura'),
(541, 33, 'South Tripura'),
(542, 33, 'Khowai'),
(543, 33, 'West Tripura'),
(544, 35, 'Agra'),
(545, 35, 'Aligarh'),
(546, 35, 'Allahabad'),
(547, 35, 'Ambedkar Nagar'),
(548, 35, 'Auraiya'),
(549, 35, 'Azamgarh'),
(550, 35, 'Bagpat'),
(551, 35, 'Bahraich'),
(552, 35, 'Ballia'),
(553, 35, 'Balrampur'),
(554, 35, 'Banda'),
(555, 35, 'Barabanki'),
(556, 35, 'Bareilly'),
(557, 35, 'Basti'),
(558, 35, 'Bijnor'),
(559, 35, 'Budau'),
(560, 35, 'Bulandshahr'),
(561, 35, 'Chandauli'),
(562, 35, 'Amethi (Chhatrapati Shahuji Maharaj Nagar)'),
(563, 35, 'Chitrakoot'),
(564, 35, 'Deoria'),
(565, 35, 'Etah'),
(566, 35, 'Etawah'),
(567, 35, 'Faizabad'),
(568, 35, 'Farrukhabad'),
(569, 35, 'Fatehpur'),
(570, 35, 'Firozabad'),
(571, 35, 'Gautam Buddh Nagar'),
(572, 35, 'Ghaziabad'),
(573, 35, 'Ghazipur'),
(574, 35, 'Gonda'),
(575, 35, 'Gorakhpur'),
(576, 35, 'Hamirpur'),
(577, 35, 'Hardoi'),
(578, 35, 'Hathras (Mahamaya Nagar);'),
(579, 35, 'Jalau'),
(580, 35, 'Jaunpur'),
(581, 35, 'Jhansi'),
(582, 35, 'Jyotiba Phule Nagar'),
(583, 35, 'Kannauj'),
(584, 35, 'Kanpur Dehat (Ramabai Nagar);'),
(585, 35, 'Kanpur Nagar'),
(586, 35, 'Kanshi Ram Nagar'),
(587, 35, 'Kaushambi'),
(588, 35, 'Kushinagar'),
(589, 35, 'Lakhimpur Kheri'),
(590, 35, 'Lalitpur'),
(591, 35, 'Lucknow'),
(592, 35, 'Maharajganj'),
(593, 35, 'Mahoba'),
(594, 35, 'Mainpuri'),
(595, 35, 'Mathura'),
(596, 35, 'Mau'),
(597, 35, 'Meerut'),
(598, 35, 'Mirzapur'),
(599, 35, 'Moradabad'),
(600, 35, 'Muzaffarnagar'),
(601, 35, 'Panchsheel Nagar (Hapur);'),
(602, 35, 'Pilibhit'),
(603, 35, 'Pratapgarh'),
(604, 35, 'Raebareli'),
(605, 35, 'Rampur'),
(606, 35, 'Saharanpur'),
(607, 35, 'Sambhal(Bheem Nagar);'),
(608, 35, 'Sant Kabir Nagar'),
(609, 35, 'Sant Ravidas Nagar'),
(610, 35, 'Shahjahanpur'),
(611, 35, 'Shamli'),
(612, 35, 'Shravasti'),
(613, 35, 'Siddharthnagar'),
(614, 35, 'Sitapur'),
(615, 35, 'Sonbhadra'),
(616, 35, 'Sultanpur'),
(617, 35, 'Unnao'),
(618, 35, 'Varanasi'),
(619, 34, 'Almora'),
(620, 34, 'Bageshwar'),
(621, 34, 'Chamoli'),
(622, 34, 'Champawat'),
(623, 34, 'Dehradu'),
(624, 34, 'Haridwar'),
(625, 34, 'Nainital'),
(626, 34, 'Pauri Garhwal'),
(627, 34, 'Pithoragarh'),
(628, 34, 'Rudraprayag'),
(629, 34, 'Tehri Garhwal'),
(630, 34, 'Udham Singh Nagar'),
(631, 34, 'Uttarkashi'),
(632, 36, 'Bankura'),
(633, 36, 'Bardhama'),
(634, 36, 'Birbhum'),
(635, 36, 'Cooch Behar'),
(636, 36, 'Dakshin Dinajpur'),
(637, 36, 'Darjeeling'),
(638, 36, 'Hooghly'),
(639, 36, 'Howrah'),
(640, 36, 'Jalpaiguri'),
(641, 36, 'Kolkata'),
(642, 36, 'Maldah'),
(643, 36, 'Murshidabad'),
(644, 36, 'Nadia'),
(645, 36, 'North 24 Parganas'),
(646, 36, 'Paschim Medinipur'),
(647, 36, 'Purba Medinipur'),
(648, 36, 'Purulia'),
(649, 36, 'South 24 Parganas'),
(650, 36, 'Uttar Dinajpur');

-- --------------------------------------------------------

--
-- Table structure for table `fare_data`
--

CREATE TABLE IF NOT EXISTS `fare_data` (
  `id` int(11) NOT NULL AUTO_INCREMENT,
  `p_id` int(11) NOT NULL COMMENT 'id frm path_info',
  `frn_jnnme` varchar(100) NOT NULL,
  `frn_jnid` int(11) NOT NULL,
  `to_jnnme` varchar(100) NOT NULL,
  `to_jnid` int(11) NOT NULL,
  `amt` int(11) NOT NULL,
  `st` int(11) NOT NULL,
  PRIMARY KEY (`id`)
) ENGINE=InnoDB  DEFAULT CHARSET=latin1 AUTO_INCREMENT=127 ;

--
-- Dumping data for table `fare_data`
--

INSERT INTO `fare_data` (`id`, `p_id`, `frn_jnnme`, `frn_jnid`, `to_jnnme`, `to_jnid`, `amt`, `st`) VALUES
(1, 2, 'Thampanoor', 1, 'PMG', 2, 12, 1),
(2, 2, 'Thampanoor', 1, 'Pattom', 3, 12, 1),
(3, 2, 'Thampanoor', 1, 'Kesavadasapuram', 4, 12, 1),
(4, 2, 'Thampanoor', 1, 'Vattappara', 5, 18, 1),
(5, 2, 'Thampanoor', 1, 'Vembayam', 6, 24, 1),
(6, 2, 'Thampanoor', 1, 'Venjaramod', 7, 28, 1),
(7, 2, 'Thampanoor', 1, 'Karette', 8, 34, 1),
(8, 2, 'Thampanoor', 1, 'Kilimanoor', 9, 38, 1),
(9, 2, 'PMG', 2, 'Pattom', 3, 12, 1),
(10, 3, 'Kilimanoor', 10, 'Karette', 12, 12, 1),
(11, 3, 'Kilimanoor', 10, 'Venjaramod', 13, 18, 1),
(12, 3, 'Kilimanoor', 10, 'Vembayam', 14, 22, 1),
(13, 3, 'Kilimanoor', 10, 'Vattappara', 15, 28, 1),
(14, 3, 'Kilimanoor', 10, 'Kesavadasapuram', 16, 36, 1),
(16, 3, 'Kilimanoor', 10, 'Pattom', 17, 36, 1),
(17, 3, 'Kilimanoor', 10, 'PMG', 18, 36, 1),
(18, 3, 'Kilimanoor', 10, 'Thampanoor', 19, 36, 1),
(19, 3, 'Karette', 12, 'Venjaramod', 13, 12, 1),
(20, 3, 'Karette', 12, 'Vembayam', 14, 18, 1),
(21, 3, 'Karette', 12, 'Vattappara', 15, 22, 1),
(22, 3, 'Karette', 12, 'Kesavadasapuram', 16, 34, 1),
(23, 4, 'Thampanoor', 20, 'PMG', 21, 12, 1),
(24, 4, 'Thampanoor', 20, 'Pattom', 22, 12, 1),
(25, 4, 'Thampanoor', 20, 'Kesavadasapuram', 23, 12, 1),
(26, 4, 'Thampanoor', 20, 'Vattappara', 24, 18, 1),
(27, 4, 'PMG', 21, 'Pattom', 22, 12, 1),
(28, 5, 'chinnakada', 25, 'college junction', 26, 10, 1),
(29, 5, 'chinnakada', 25, 'pallimukk', 27, 15, 1),
(30, 5, 'chinnakada', 25, 'kottiyam', 28, 20, 1),
(31, 5, 'chinnakada', 25, 'chathannoor', 29, 25, 1),
(32, 5, 'chinnakada', 25, 'paripally', 30, 30, 1),
(33, 5, 'chinnakada', 25, 'kallambalam', 31, 35, 1),
(34, 5, 'chinnakada', 25, 'Attingal', 32, 40, 1),
(35, 5, 'chinnakada', 25, 'kazhakootam', 33, 45, 1),
(36, 5, 'chinnakada', 25, 'ulloor', 34, 50, 1),
(37, 5, 'chinnakada', 25, 'Thampanoor', 35, 55, 1),
(38, 5, 'college junction', 26, 'pallimukk', 27, 10, 1),
(39, 5, 'college junction', 26, 'kottiyam', 28, 15, 1),
(40, 5, 'chinnakada', 25, 'chathannoor', 29, 15, 1),
(41, 5, 'college junction', 26, 'chathannoor', 29, 15, 1),
(42, 5, 'chinnakada', 25, 'paripally', 30, 20, 1),
(43, 5, 'college junction', 26, 'kallambalam', 31, 20, 1),
(44, 5, 'college junction', 26, 'Attingal', 32, 25, 1),
(45, 5, 'college junction', 26, 'kazhakootam', 33, 25, 1),
(46, 5, 'college junction', 26, 'ulloor', 34, 30, 1),
(47, 5, 'college junction', 26, 'Thampanoor', 35, 40, 1),
(48, 6, 'chinnakada', 37, 'kadappakada', 38, 10, 1),
(49, 6, 'chinnakada', 37, 'second mile stone', 39, 15, 1),
(50, 6, 'chinnakada', 37, 'kallumthazham', 40, 20, 1),
(51, 6, 'chinnakada', 37, 'third mile stone', 41, 25, 1),
(52, 6, 'chinnakada', 37, 'karicode', 42, 30, 1),
(53, 6, 'kadappakada', 38, 'second mile stone', 39, 10, 1),
(54, 6, 'kadappakada', 38, 'kallumthazham', 40, 15, 1),
(55, 6, 'kadappakada', 38, 'third mile stone', 41, 20, 1),
(56, 6, 'chinnakada', 37, 'karicode', 42, 25, 1),
(57, 6, 'chinnakada', 37, 'karicode', 42, 25, 1),
(58, 6, 'second mile stone', 39, 'kallumthazham', 40, 10, 1),
(59, 6, 'second mile stone', 39, 'third mile stone', 41, 15, 1),
(60, 6, 'second mile stone', 39, 'karicode', 42, 20, 1),
(61, 6, 'third mile stone', 41, 'karicode', 42, 10, 1),
(62, 6, 'kadappakada', 38, 'karicode', 42, 25, 1),
(63, 7, 'chinnakada', 43, 'college junction', 44, 10, 1),
(64, 7, 'chinnakada', 43, 'pallimukk', 45, 15, 1),
(65, 7, 'chinnakada', 43, 'mevaram', 46, 20, 1),
(66, 7, 'chinnakada', 43, 'ayathil', 47, 25, 1),
(67, 7, 'chinnakada', 43, 'kallumthazham', 48, 30, 1),
(68, 7, 'chinnakada', 43, 'third mile stone', 49, 35, 1),
(69, 7, 'chinnakada', 43, 'karicode', 50, 40, 1),
(70, 1, 'Thampanoor', 51, 'PMG', 52, 13, 1),
(71, 1, 'Thampanoor', 51, 'Pattom', 53, 13, 1),
(72, 1, 'Thampanoor', 51, 'Kesavadasapuram', 54, 15, 1),
(73, 8, 'Nalanchira', 62, 'Mananthala', 58, 5, 1),
(74, 8, 'Nalanchira', 62, 'vattappara', 59, 10, 1),
(75, 8, 'Nalanchira', 62, 'Kilimanoor', 61, 15, 1),
(76, 8, 'vattappara', 59, 'Vembayam', 60, 10, 1),
(77, 8, 'vattappara', 59, 'Kilimanoor', 61, 29, 1),
(78, 8, 'Vembayam', 60, 'Kilimanoor', 61, 20, 1),
(79, 9, 'Mananthala', 64, 'Vattappara', 63, 10, 1),
(80, 9, 'Mananthala', 64, 'chathannoor', 67, 63, 1),
(81, 9, 'Mananthala', 64, 'Kollam', 68, 100, 1),
(82, 9, 'Vattappara', 63, 'Attingal', 66, 34, 1),
(83, 9, 'Vattappara', 63, 'chathannoor', 67, 53, 1),
(84, 9, 'chathannoor', 67, 'Kollam', 68, 34, 1),
(85, 11, 'ernakulam north', 69, 'trivandrum', 73, 230, 1),
(86, 11, 'ernakulam north', 69, 'palarivattom', 70, 35, 1),
(87, 11, 'palarivattom', 70, 'alappuzha', 71, 24, 1),
(88, 11, 'alappuzha', 71, 'kottayam', 72, 45, 1),
(89, 11, 'kottayam', 72, 'trivandrum', 73, 150, 1),
(90, 12, 'attingal', 75, 'alamcode', 76, 30, 1),
(91, 12, 'attingal', 75, 'Kilimanoor', 77, 50, 1),
(92, 12, 'alamcode', 76, 'Kilimanoor', 77, 30, 1),
(93, 13, 'attingal', 78, 'alamcode', 79, 30, 1),
(94, 13, 'attingal', 78, 'kallambalam', 80, 40, 1),
(95, 13, 'attingal', 78, 'paripally', 81, 50, 1),
(96, 13, 'attingal', 78, 'chinnakada', 82, 60, 1),
(97, 13, 'alamcode', 79, 'kallambalam', 80, 30, 1),
(98, 13, 'alamcode', 79, 'paripally', 81, 40, 1),
(99, 13, 'alamcode', 79, 'chinnakada', 82, 50, 1),
(100, 13, 'kallambalam', 80, 'paripally', 81, 30, 1),
(101, 13, 'kallambalam', 80, 'chinnakada', 82, 40, 1),
(102, 13, 'paripally', 81, 'chinnakada', 82, 30, 1),
(103, 14, 'Kesavadasapuram', 83, 'Ulloor', 84, 10, 1),
(104, 14, 'Kesavadasapuram', 83, 'PMG', 85, 25, 1),
(105, 14, 'Kesavadasapuram', 83, 'alamcode', 86, 22, 1),
(106, 14, 'Ulloor', 84, 'PMG', 85, 16, 1),
(107, 14, 'Ulloor', 84, 'alamcode', 86, 23, 1),
(108, 14, 'PMG', 85, 'alamcode', 86, 90, 1),
(109, 15, 'Thampanoor', 87, 'Pattom', 88, 10, 1),
(110, 15, 'Thampanoor', 87, 'Kesavadasapuram', 89, 15, 1),
(111, 15, 'Pattom', 88, 'Kesavadasapuram', 89, 10, 1),
(112, 15, 'Pattom', 88, 'Nalanchira', 90, 15, 1),
(113, 15, 'Pattom', 88, 'Manathala', 91, 20, 1),
(114, 16, 'Thampanoor', 93, 'PMG', 94, 10, 1),
(115, 16, 'Thampanoor', 93, 'Pattom', 95, 20, 1),
(116, 16, 'PMG', 94, 'Kesavadasapuram', 96, 25, 1),
(117, 17, 'Manathala', 97, 'Nalanchira', 98, 10, 1),
(118, 17, 'Manathala', 97, 'Kesavadasapuram', 99, 20, 1),
(119, 17, 'Nalanchira', 98, 'Kesavadasapuram', 99, 10, 1),
(120, 18, 'Thampanoor', 100, 'PMG', 101, 10, 1),
(121, 18, 'Thampanoor', 100, 'Pattom', 102, 15, 1),
(122, 18, 'Thampanoor', 100, 'Kesavadasapuram', 103, 20, 1),
(123, 18, 'PMG', 101, 'PMG', 101, 15, 1),
(124, 18, 'PMG', 101, 'Kesavadasapuram', 103, 20, 1),
(125, 18, 'PMG', 101, 'Nalanchira', 104, 28, 1),
(126, 21, 'Pattom', 110, 'Kesavadasapuram', 112, 19, 1);

-- --------------------------------------------------------

--
-- Table structure for table `feedback`
--

CREATE TABLE IF NOT EXISTS `feedback` (
  `id` int(11) NOT NULL AUTO_INCREMENT,
  `ci` varchar(35) NOT NULL,
  `stat` varchar(35) NOT NULL,
  `dist` varchar(35) NOT NULL,
  `station` varchar(35) NOT NULL,
  `f` text NOT NULL,
  `st` int(11) NOT NULL,
  PRIMARY KEY (`id`)
) ENGINE=InnoDB  DEFAULT CHARSET=latin1 AUTO_INCREMENT=4 ;

--
-- Dumping data for table `feedback`
--

INSERT INTO `feedback` (`id`, `ci`, `stat`, `dist`, `station`, `f`, `st`) VALUES
(1, '7845651235', '18', '280', 'Thampanoor', 'great job!!!!!!', 1),
(2, '129988798555', '18', '280', 'Thampanoor', 'It is very usefull and helpfull.Thanku', 1),
(3, '85754543454', '18', '280', 'attingal', 'the journey was amazing', 1);

-- --------------------------------------------------------

--
-- Table structure for table `path_data`
--

CREATE TABLE IF NOT EXISTS `path_data` (
  `p_id` int(11) NOT NULL AUTO_INCREMENT,
  `rt_id` int(11) NOT NULL,
  `path_nme` varchar(150) NOT NULL,
  `st` int(11) NOT NULL,
  PRIMARY KEY (`p_id`)
) ENGINE=InnoDB  DEFAULT CHARSET=latin1 AUTO_INCREMENT=22 ;

--
-- Dumping data for table `path_data`
--

INSERT INTO `path_data` (`p_id`, `rt_id`, `path_nme`, `st`) VALUES
(1, 1, 'Through MC Road Via Venjaramood', 1),
(2, 1, 'Path for Express limited stop', 1),
(3, 2, 'Via MC Through venjaramood', 1),
(4, 3, 'Via Kottayam for Super Fast', 1),
(5, 4, 'via chathannoor for fast', 1),
(6, 5, 'via kadappakada', 1),
(7, 5, 'via mevaram', 1),
(8, 6, 'vembayam Route', 1),
(9, 7, 'Attingal', 1),
(10, 7, 'Paripali', 1),
(11, 8, 'kottayam', 1),
(12, 11, 'via nagaroor', 1),
(13, 12, 'via parippally', 1),
(14, 13, 'via pattom', 1),
(15, 14, 'Vembayam Route', 1),
(16, 15, 'pattom route', 1),
(17, 16, 'Vytila Route', 1),
(18, 17, 'Vembayam Route', 1),
(19, 19, 'Vembayam', 1),
(20, 20, 'Vembayam', 1),
(21, 20, 'pulimoodu', 1);

-- --------------------------------------------------------

--
-- Table structure for table `path_info`
--

CREATE TABLE IF NOT EXISTS `path_info` (
  `id` int(11) NOT NULL AUTO_INCREMENT,
  `p_id` int(11) NOT NULL,
  `jn_nme` varchar(150) NOT NULL,
  `dis` int(11) NOT NULL,
  `st` int(11) NOT NULL,
  PRIMARY KEY (`id`)
) ENGINE=InnoDB  DEFAULT CHARSET=latin1 AUTO_INCREMENT=114 ;

--
-- Dumping data for table `path_info`
--

INSERT INTO `path_info` (`id`, `p_id`, `jn_nme`, `dis`, `st`) VALUES
(1, 2, 'Thampanoor', 0, 1),
(2, 2, 'PMG', 4, 1),
(3, 2, 'Pattom', 3, 1),
(4, 2, 'Kesavadasapuram', 3, 1),
(5, 2, 'Vattappara', 6, 1),
(6, 2, 'Vembayam', 8, 1),
(7, 2, 'Venjaramod', 7, 1),
(8, 2, 'Karette', 5, 1),
(9, 2, 'Kilimanoor', 5, 1),
(10, 3, 'Kilimanoor', 0, 1),
(12, 3, 'Karette', 4, 1),
(13, 3, 'Venjaramod', 6, 1),
(14, 3, 'Vembayam', 8, 1),
(15, 3, 'Vattappara', 7, 1),
(16, 3, 'Kesavadasapuram', 6, 1),
(17, 3, 'Pattom', 2, 1),
(18, 3, 'PMG', 2, 1),
(19, 3, 'Thampanoor', 3, 1),
(20, 4, 'Thampanoor', 0, 1),
(21, 4, 'PMG', 3, 1),
(22, 4, 'Pattom', 2, 1),
(23, 4, 'Kesavadasapuram', 3, 1),
(24, 4, 'Vattappara', 8, 1),
(25, 5, 'chinnakada', 0, 1),
(26, 5, 'college junction', 5, 1),
(27, 5, 'pallimukk', 5, 1),
(28, 5, 'kottiyam', 10, 1),
(29, 5, 'chathannoor', 10, 1),
(30, 5, 'paripally', 10, 1),
(31, 5, 'kallambalam', 7, 1),
(32, 5, 'Attingal', 10, 1),
(33, 5, 'kazhakootam', 15, 1),
(34, 5, 'ulloor', 10, 1),
(35, 5, 'Thampanoor', 10, 1),
(36, 5, '', 0, 1),
(37, 6, 'chinnakada', 0, 1),
(38, 6, 'kadappakada', 5, 1),
(39, 6, 'second mile stone', 10, 1),
(40, 6, 'kallumthazham', 5, 1),
(41, 6, 'third mile stone', 5, 1),
(42, 6, 'karicode', 3, 1),
(43, 7, 'chinnakada', 0, 1),
(44, 7, 'college junction', 5, 1),
(45, 7, 'pallimukk', 5, 1),
(46, 7, 'mevaram', 5, 1),
(47, 7, 'ayathil', 5, 1),
(48, 7, 'kallumthazham', 5, 1),
(49, 7, 'third mile stone', 5, 1),
(50, 7, 'karicode', 3, 1),
(51, 1, 'Thampanoor', 0, 1),
(52, 1, 'PMG', 2, 1),
(53, 1, 'Pattom', 2, 1),
(54, 1, 'Kesavadasapuram', 3, 1),
(55, 1, 'Vattappara', 8, 1),
(56, 1, 'Vembayam', 9, 1),
(57, 1, 'Venjaramod', 6, 1),
(58, 8, 'Mananthala', 2, 1),
(59, 8, 'vattappara', 7, 1),
(60, 8, 'Vembayam', 9, 1),
(61, 8, 'Kilimanoor', 18, 1),
(62, 8, 'Nalanchira', 0, 1),
(63, 9, 'Vattappara', 7, 1),
(64, 9, 'Mananthala', 0, 1),
(65, 9, 'Kilimanoor', 17, 1),
(66, 9, 'Attingal', 29, 1),
(67, 9, 'chathannoor', 59, 1),
(68, 9, 'Kollam', 78, 1),
(69, 11, 'ernakulam north', 0, 1),
(70, 11, 'palarivattom', 5, 1),
(71, 11, 'alappuzha', 20, 1),
(72, 11, 'kottayam', 20, 1),
(73, 11, 'trivandrum', 30, 1),
(74, 11, 'Kesavadasapuram', 33, 1),
(75, 12, 'attingal', 0, 1),
(76, 12, 'alamcode', 12, 1),
(77, 12, 'Kilimanoor', 19, 1),
(78, 13, 'attingal', 0, 1),
(79, 13, 'alamcode', 12, 1),
(80, 13, 'kallambalam', 13, 1),
(81, 13, 'paripally', 15, 1),
(82, 13, 'chinnakada', 23, 1),
(83, 14, 'Kesavadasapuram', 12, 1),
(84, 14, 'Ulloor', 20, 1),
(85, 14, 'PMG', 22, 1),
(86, 14, 'alamcode', 8, 1),
(87, 15, 'Thampanoor', 0, 1),
(88, 15, 'Pattom', 2, 1),
(89, 15, 'Kesavadasapuram', 5, 1),
(90, 15, 'Nalanchira', 9, 1),
(91, 15, 'Manathala', 10, 1),
(92, 15, 'Kilimanoor', 17, 1),
(93, 16, 'Thampanoor', 0, 1),
(94, 16, 'PMG', 4, 1),
(95, 16, 'Pattom', 6, 1),
(96, 16, 'Kesavadasapuram', 10, 1),
(97, 17, 'Manathala', 0, 1),
(98, 17, 'Nalanchira', 3, 1),
(99, 17, 'Kesavadasapuram', 7, 1),
(100, 18, 'Thampanoor', 0, 1),
(101, 18, 'PMG', 7, 1),
(102, 18, 'Pattom', 10, 1),
(103, 18, 'Kesavadasapuram', 15, 1),
(104, 18, 'Nalanchira', 18, 1),
(105, 18, 'Venjaramod', 24, 1),
(106, 19, 'Pattom', 15, 1),
(107, 19, '', 0, 1),
(108, 20, 'Pattom', 15, 1),
(109, 20, '', 0, 1),
(110, 21, 'Pattom', 0, 1),
(111, 21, 'PMG', 6, 1),
(112, 21, 'Kesavadasapuram', 9, 1),
(113, 20, '', 0, 1);

-- --------------------------------------------------------

--
-- Table structure for table `route_data`
--

CREATE TABLE IF NOT EXISTS `route_data` (
  `rt_id` int(11) NOT NULL AUTO_INCREMENT,
  `route_name` varchar(150) NOT NULL,
  `source_id` int(11) NOT NULL,
  `source_code` varchar(25) NOT NULL,
  `dest_id` int(11) NOT NULL,
  `dest_code` varchar(25) NOT NULL,
  `st` int(11) NOT NULL,
  PRIMARY KEY (`rt_id`)
) ENGINE=InnoDB  DEFAULT CHARSET=latin1 AUTO_INCREMENT=21 ;

--
-- Dumping data for table `route_data`
--

INSERT INTO `route_data` (`rt_id`, `route_name`, `source_id`, `source_code`, `dest_id`, `dest_code`, `st`) VALUES
(1, 'Trivandrum to Kottarakkara', 1, 'TVM', 13, 'KTR', 1),
(2, 'Kilimanoor to Trivandrum', 9, 'KMR', 1, 'TVM', 1),
(3, 'Trivandrum to Ernakulam', 1, 'TVM', 15, 'ERS1121', 1),
(4, 'kollam to trivandrum', 19, 'cnkd', 1, 'TVM', 1),
(5, 'chinnakada to karicod', 19, 'cnkd', 20, 'kcd', 1),
(6, 'Nalanchira to Kilimanoor', 21, 'na121', 9, 'KMR', 1),
(7, 'Mananthala to KOLLAM', 22, 'Manthala', 19, 'cnkd', 1),
(8, 'ernakulam to trivandrum', 23, 'ER341', 1, 'TVM', 1),
(10, 'kollam to ernakulam', 20, 'kcd', 23, 'ER341', 1),
(11, 'attingal to kilimanoor', 27, 'atl123', 9, 'KMR', 1),
(12, 'attingal to chinnakada', 27, 'atl123', 19, 'cnkd', 1),
(13, 'thampanoor-attingal', 1, 'TVM', 27, 'atl123', 1),
(14, 'Pulimoode to Kilimanoor', 31, '3421', 9, 'KMR', 1),
(15, 'pulimooede to Nalanchira', 1, 'TVM', 21, 'na121', 1),
(16, 'TVM to ERN', 22, 'Manthala', 15, 'ERS1121', 1),
(17, 'Pulimoode to Venjarmoode', 1, 'TVM', 7, 'VJD', 1),
(18, 'pulimoodu to venjarmoode', 1, 'TVM', 22, 'Manthala', 1),
(19, 'pulimoodu to venjarmoode', 31, '3421', 21, 'na121', 1),
(20, 'Pattom to keshavadasapuram', 1, 'TVM', 32, 'T555', 1);

-- --------------------------------------------------------

--
-- Table structure for table `staff_assign`
--

CREATE TABLE IF NOT EXISTS `staff_assign` (
  `as_id` int(11) NOT NULL AUTO_INCREMENT,
  `bus_id` int(11) NOT NULL,
  `stf_id` varchar(50) NOT NULL,
  `typ` int(11) NOT NULL,
  `st` int(11) NOT NULL,
  PRIMARY KEY (`as_id`)
) ENGINE=InnoDB  DEFAULT CHARSET=latin1 AUTO_INCREMENT=23 ;

--
-- Dumping data for table `staff_assign`
--

INSERT INTO `staff_assign` (`as_id`, `bus_id`, `stf_id`, `typ`, `st`) VALUES
(1, 3, 'kmr-001', 2, 1),
(2, 4, 'kmr-002', 2, 1),
(3, 1, 'tvm-001', 1, 1),
(4, 1, 'tvm-002', 2, 1),
(5, 6, 'cnkd2', 1, 1),
(6, 6, 'cnkd3', 2, 1),
(7, 2, 'biju123', 2, 1),
(8, 8, 'manu123', 1, 1),
(9, 8, 'kiraxxx', 2, 1),
(10, 9, 'hari123', 1, 1),
(11, 9, 'gauth678', 2, 1),
(12, 10, 'tvm-002', 2, 1),
(13, 10, 'tvm-001', 1, 1),
(14, 11, 'ro123', 2, 1),
(15, 12, 'sr123', 2, 1),
(16, 14, 'jane123', 2, 1),
(17, 15, 'zrh123', 2, 1),
(18, 16, 'bp123', 1, 1),
(19, 16, 'bw123', 2, 1),
(20, 17, 'tr123', 2, 1),
(21, 19, '567688', 1, 1),
(22, 19, 'jas123', 2, 1);

-- --------------------------------------------------------

--
-- Table structure for table `staff_data`
--

CREATE TABLE IF NOT EXISTS `staff_data` (
  `st_id` int(11) NOT NULL AUTO_INCREMENT,
  `nme` varchar(150) NOT NULL,
  `addr` text NOT NULL,
  `con` varchar(12) NOT NULL,
  `dob` date NOT NULL,
  `styp` int(11) NOT NULL COMMENT '1=driver;2=condu',
  `uid` varchar(25) NOT NULL,
  `pic` varchar(50) NOT NULL,
  `stat_id` int(11) NOT NULL,
  `st` int(11) NOT NULL,
  PRIMARY KEY (`st_id`)
) ENGINE=InnoDB  DEFAULT CHARSET=latin1 AUTO_INCREMENT=41 ;

--
-- Dumping data for table `staff_data`
--

INSERT INTO `staff_data` (`st_id`, `nme`, `addr`, `con`, `dob`, `styp`, `uid`, `pic`, `stat_id`, `st`) VALUES
(1, 'Alex Chako', 'alaxy\r\npattom', '9633081494', '2002-02-27', 1, 'tvm-001', 'tvm-001.jpg', 1, 1),
(2, 'Raju', 'R R Bhavan\r\nKillippalam', '9048060770', '2000-12-31', 2, 'tvm-002', 'tvm-002.jpg', 1, 1),
(3, 'Sunil Kumar', 'sunil bhavan\r\nkarette', '8129113109', '1992-03-05', 2, 'kmr-001', 'kmr-001.jpg', 9, 1),
(4, 'Aravind', 'Sangamam\r\nPunnamood\r\nVarkkala', '9946758810', '1995-05-13', 2, 'kmr-002', 'kmr-002.jpg', 9, 1),
(5, 'Raji Chandran', 'r.r villa', '8798456512', '1990-02-03', 3, 'tvm0', 'tvm0.jpg', 0, 1),
(6, 'Mohan', 's.s villa\r\nTrivandrum', '7898456544', '1870-02-01', 3, '101', '101.jpg', 0, 1),
(8, 'chkr123', 'nil', '9895230605', '1986-01-01', 3, 'chk101', 'chk101.jpg', 0, 1),
(9, 'chkr123', 'nil', '9895230605', '1986-01-01', 3, 'chk101', 'chk101.jpg', 0, 1),
(10, 'arun', 'arunodayam\r\nchavara', '9895456522', '1985-03-02', 3, 'cnkd1', 'cnkd1.jpg', 0, 1),
(11, 'arun', 'arunodayam\r\nchavara', '9895456522', '1985-03-02', 3, 'cnkd1', 'cnkd1.jpg', 0, 1),
(12, 'raju', 'raaju bhavan\r\nkollam', '879845654512', '1980-01-02', 1, 'cnkd2', 'cnkd2.jpg', 19, 1),
(13, 'ramu', 's.s villa\r\nparavur', '7898456522', '1998-01-02', 2, 'cnkd3', 'cnkd3.jpg', 19, 1),
(14, 'biju ', 'nil', '985745896', '1999-01-05', 2, 'biju123', 'biju123.jpg', 9, 1),
(15, 'Kumar M', 'ihjhbwhjvbwhjbv\r\nwvjkevhjbewv', '987456310', '0000-00-00', 3, 'ku123', 'ku123.jpg', 0, 1),
(16, 'Manu  M', 'knjdgjnsjgnsdf\r\ndnjbkjdfsnbkjdfnb\r\ndbnkdfjbnkjn', '9874563210', '2005-02-08', 1, 'manu123', 'manu123.jpg', 22, 1),
(17, 'Kiran K', 'jancinsdkjvn\r\nsvjbsnjv sjbv\r\nsvnsdnvjksvjshbn', '7896541235', '2017-11-02', 2, 'kiraxxx', 'kiraxxx.jpg', 22, 1),
(18, 'hari', 'hfhvkwwgw\r\nnhjsghgwsvwshgw', '9345762242', '1992-11-07', 1, 'hari123', 'hari123.jpg', 23, 1),
(19, 'gautham', 'kwjjgwdhhg\r\njddwfedh', '7685341290', '1976-11-06', 2, 'gauth678', 'gauth678.jpg', 23, 1),
(20, 'rohan', 'rohan villa', '7832941565', '1994-08-19', 2, 'ro123', 'ro123.jpg', 27, 1),
(21, 'sreyas', 'sreyas villa', '5674512355', '1988-07-02', 2, 'sr123', 'sr123.jpg', 27, 1),
(22, '', '', 'uwfuwghwrg', '0000-00-00', 3, '', '', 0, 1),
(23, '', '', 'uwfuwghwrg', '0000-00-00', 3, '', '', 0, 1),
(24, '', '', 'hjgwrghwrg', '0000-00-00', 3, '', '', 0, 1),
(25, '', '', 'hjgwrghwrg', '0000-00-00', 3, '', '', 0, 1),
(26, '', '', 'v5y4kutkfh', '0000-00-00', 3, '', '', 0, 1),
(27, '', '', 'v5y4kutkfh', '0000-00-00', 3, '', '', 0, 1),
(28, '', '', 'v5y4kutkfh', '0000-00-00', 3, '', '', 0, 1),
(29, '', '', 'v5y4kutkfh', '0000-00-00', 3, '', '', 0, 1),
(30, '', '', '123445', '0000-00-00', 3, '', '', 0, 1),
(31, '', '', '123445', '0000-00-00', 3, '', '', 0, 1),
(32, 'Jane B', 'Radheyam Tower, Pulimood, Thiruvananthapuram, Kerala 695001', '7894562130', '2018-06-18', 2, 'jane123', 'jane123.jpg', 32, 1),
(33, 'Zwathy', 'vchvhgcshdgcv\r\nsdjcbshchb', '7896543120', '2018-07-16', 2, 'zrh123', 'zrh123.jpg', 27, 1),
(34, 'Manu M', 'Radheyam Tower, Pulimood, Thiruvananthapuram, Kerala 695001', '7895462130', '0000-00-00', 1, 'bp123', 'bp123.jpg', 32, 1),
(35, 'Jenny M', 'Radheyam Tower, Pulimood, Thiruvananthapuram, Kerala 695001', '9874563210', '2018-04-24', 2, 'bw123', 'bw123.jpg', 32, 1),
(36, 'Manu M', 'hgfshdfsjdhfjhsdgfjh', '9874563210', '2018-06-04', 2, 'tr123', 'tr123.jpg', 32, 1),
(37, 'Kathick M', 'gcjhgschjgchjgdchjdgj', '7894563125', '1990-01-07', 1, '567688', '567688.jpg', 32, 1),
(38, 'Jason M', 'hjhgcvdgshvhcgsdvgchv', '9876543215', '1988-01-21', 2, 'jas123', 'jas123.jpg', 32, 1),
(39, 'Hari', 'Hari bhavan', '3452675899', '2019-01-29', 3, '23', '23.jpg', 0, 1),
(40, 'Sreedarsh S S', 'Sreedarsh bhavan,koonayil', '9876543265', '2000-08-28', 2, '8', '8.jpg', 32, 1);

-- --------------------------------------------------------

--
-- Table structure for table `state`
--

CREATE TABLE IF NOT EXISTS `state` (
  `StCode` int(11) NOT NULL AUTO_INCREMENT,
  `StateName` varchar(150) DEFAULT NULL,
  PRIMARY KEY (`StCode`)
) ENGINE=MyISAM  DEFAULT CHARSET=latin1 AUTO_INCREMENT=37 ;

--
-- Dumping data for table `state`
--

INSERT INTO `state` (`StCode`, `StateName`) VALUES
(1, 'Andaman and Nicobar Island (UT)'),
(2, 'Andhra Pradesh'),
(3, 'Arunachal Pradesh'),
(4, 'Assam'),
(5, 'Bihar'),
(6, 'Chandigarh (UT)'),
(7, 'Chhattisgarh'),
(8, 'Dadra and Nagar Haveli (UT)'),
(9, 'Daman and Diu (UT)'),
(10, 'Delhi (NCT)'),
(11, 'Goa'),
(12, 'Gujarat'),
(13, 'Haryana'),
(14, 'Himachal Pradesh'),
(15, 'Jammu and Kashmir'),
(16, 'Jharkhand'),
(17, 'Karnataka'),
(18, 'Kerala'),
(19, 'Lakshadweep (UT)'),
(20, 'Madhya Pradesh'),
(21, 'Maharashtra'),
(22, 'Manipur'),
(23, 'Meghalaya'),
(24, 'Mizoram'),
(25, 'Nagaland'),
(26, 'Odisha'),
(27, 'Puducherry (UT)'),
(28, 'Punjab'),
(29, 'Rajastha'),
(30, 'Sikkim'),
(31, 'Tamil Nadu'),
(32, 'Telangana'),
(33, 'Tripura'),
(34, 'Uttarakhand'),
(35, 'Uttar Pradesh'),
(36, 'West Bengal');

-- --------------------------------------------------------

--
-- Table structure for table `station_data`
--

CREATE TABLE IF NOT EXISTS `station_data` (
  `id` int(11) NOT NULL AUTO_INCREMENT,
  `state` varchar(75) NOT NULL,
  `district` varchar(75) NOT NULL,
  `loc` varchar(125) NOT NULL,
  `is_st` int(11) NOT NULL,
  `st_code` varchar(10) NOT NULL,
  `mstr` varchar(150) NOT NULL,
  `uid` varchar(50) NOT NULL,
  `addr` text NOT NULL,
  `con` varchar(25) NOT NULL,
  `em` varchar(125) NOT NULL,
  `pic` varchar(100) NOT NULL,
  `st` int(2) NOT NULL,
  PRIMARY KEY (`id`)
) ENGINE=InnoDB  DEFAULT CHARSET=latin1 AUTO_INCREMENT=42 ;

--
-- Dumping data for table `station_data`
--

INSERT INTO `station_data` (`id`, `state`, `district`, `loc`, `is_st`, `st_code`, `mstr`, `uid`, `addr`, `con`, `em`, `pic`, `st`) VALUES
(1, '18', '280', 'Thampanoor', 1, 'TVM', 'Rajashekharan', 'TVM101', 'Opposite Thiruvananthapuram Central Railway Station, Salem - Kochi Hwy, Thampanoor, Thiruvananthapuram, Kerala 695014', '04712323886', 'tvmbusstand@gmail.com', 'TVM.jpg', 1),
(2, '18', '280', 'PMG', 0, '', '', '', '', '', '', '', 1),
(3, '18', '280', 'Pattom', 0, '', '', '', '', '', '', '', 1),
(4, '18', '280', 'Kesavadasapuram', 0, '', '', '', '', '', '', '', 1),
(5, '18', '280', 'Vattappara', 0, '', '', '', '', '', '', '', 1),
(6, '18', '280', 'Vembayam', 0, '', '', '', '', '', '', '', 1),
(7, '18', '280', 'Venjaramod', 1, 'VJD', 'Ajimon', 'vjd101', 'Ksrtc Bus Station Building, Venjaramood, Thiruvananthapuram - 695607', '04722874141', 'vjmd@gmail.com', 'VJMD.jpg', 1),
(8, '18', '280', 'Karette', 0, '', '', '', '', '', '', '', 1),
(9, '18', '280', 'Kilimanoor', 1, 'KMR', 'Vishnu Patel', 'kmr101', 'Kilimanoor, Thiruvananthapuram - 695601', '04702672217', 'kmr@gmail.com', 'KMR.jpg', 1),
(10, '18', '273', 'Nilamel', 0, '', '', '', '', '', '', '', 1),
(11, '18', '273', 'Chadayamangalam', 1, 'CDM', 'Gopakumar', 'cdm101', 'Ayoor, Kollam Ayoor, Kollam - 691533', '04742476200', 'cdm@gmail.com', 'CDM.jpg', 1),
(12, '18', '273', 'Ayoor', 0, '', '', '', '', '', '', '', 1),
(13, '18', '273', 'Kottarakara', 1, 'KTR', 'Bijukumar', 'ktr101', 'K S R T C Bus Station, Kottarakkara Kottarakkara, Kollam - 691531', '0475 2452622', 'ktr@gmail.com', 'KTR.jpg', 1),
(14, '18', '280', 'Ulloor', 0, '', '', '', '', '', '', '', 1),
(15, '18', '269', 'Eranakulam South', 1, 'ERS1121', 'Nainu', 'ERS101', 'Near Railway Station\r\nEranakulam', '0484785412', 'ersksrtc@gmail.com', 'ERS1121.jpg', 1),
(16, '18', '273', 'paravur', 0, '', '', '', '', '', '', '', 1),
(17, '18', '273', 'chathannoor', 1, 'CNR', 'Anandu', 'cnr1', 'chathannor\r\nkollam', '9845654512', 'aand100@gmail.com', 'CNR.jpg', 1),
(18, '18', '273', 'kottiyam', 1, 'KTM', 'arun', 'ktm01', 'kottiyam po\r\nkollam', '0474875645', 'ktm@gmail.com', 'KTM.jpg', 1),
(19, '18', '273', 'chinnakada', 1, 'cnkd', 'Revi', 'cnkd01', 'chinnakada\r\nkollam', '04742516545', 'ch@gmail.com', 'cnkd.jpg', 1),
(20, '18', '273', 'karicode', 1, 'kcd', 'Akash', 'kcd01', 'karikode po\r\nkollam', '0474257895', 'karicode@gmail.com', 'kcd.jpg', 1),
(21, '18', '280', 'Nalanchira', 1, 'na121', 'Arun Kumar', 'na123', 'Nil', '98745631455', 'na@gmail.com', 'na121.jpg', 1),
(22, '18', '280', 'Manathala', 1, 'Manthala', 'Manu M', 'ma123', 'dsghcvsghdvcsc\r\nckshchgvsdcgh\r\ncdbdshvcb', '98745463210', 'ma@gmail.com', 'Manthala.jpg', 1),
(23, '18', '269', 'ernakulam north', 1, 'ER341', 'nemesh', 'ern123', 'hnkjfnjh\r\nfknkjfgnh\r\nkfn k fkn ', '9802567122', 'nemesh@gmail.com', 'ER341.jpg', 1),
(24, '18', '269', 'palarivattom', 0, '', '', '', '', '', '', '', 1),
(25, '18', '269', 'alappuzha', 0, '', '', '', '', '', '', '', 1),
(26, '18', '269', 'kottayam', 0, '', '', '', '', '', '', '', 1),
(27, '18', '280', 'attingal', 1, 'atl123', 'rakesh', 'ra123', 'rakesh villa', '12345678912', 'rakesh@gmail.com', 'atl123.jpg', 1),
(28, '18', '280', 'alamcode', 0, '', '', '', '', '', '', '', 1),
(29, '18', '280', 'kallambalam', 0, '', '', '', '', '', '', '', 1),
(30, '18', '273', 'paripally', 0, '', '', '', '', '', '', '', 1),
(31, '18', '280', 'thampanoor', 1, '3421', 'anu', 'admin', 'anu nivas', '2345678912', 'anu@gmail.com', '3421', 1),
(32, '18', '280', 'East Fort', 1, 'T555', 'Ajay M', 'ef123', 'Radheyam Tower, Pulimood, Thiruvananthapuram, Kerala 695001', '7895463210', 'ajj@gmail.com', 'T555.jpg', 1),
(33, '18', '273', 'paravur', 1, 'KTR', 'Anu', 'anu', 'ksrtc stand,paravur', '251234', 'paravur', 'KTR', 1),
(34, '18', '273', 'paravur', 0, '', '', '', '', '', '', '', 1),
(35, '18', '273', 'paravur', 1, 'KTR', 'ANU', 'anu', 'paravur ksrtc', '251234', 'paravur@gmail.com', 'KTR', 1),
(36, '18', '273', 'Nedungolam', 1, '12345', 'Arjun', 'arjun', 'Nedungolam stop', '2467382546', 'arjun', '12345.jpg', 1),
(37, '18', '273', 'nedungolam', 1, '9876', '+', '', '', '', '', '9876', 1),
(38, '18', '273', 'Nedungolam', 1, '87654', 'Sachu', 'sachu', 'nedungolam stand', '12446578678', 'sachu@gmail.com', '87654.jpg', 1),
(39, '18', '273', 'kundara', 0, '', '', '', '', '', '', '', 1),
(40, '18', '273', 'punalur', 1, 'pn12454', 'KRISHNA KUMAR', 'krishna', 'Punalur station,kollam', '1536278123', 'krishna@gmail.com', 'pn12454.jpg', 1),
(41, '18', '280', 'PMG', 1, 'PM234', 'Kripa', 'krishna', 'pmg,TVM', '2512358786', 'krishna@gmail.com', 'PM234.jpg', 1);

-- --------------------------------------------------------

--
-- Table structure for table `ticket_issue`
--

CREATE TABLE IF NOT EXISTS `ticket_issue` (
  `id` int(11) NOT NULL AUTO_INCREMENT,
  `dt` date NOT NULL,
  `daily_tripid` int(11) NOT NULL COMMENT 'id frm daily_trip',
  `qr_id` varchar(50) NOT NULL,
  `srn` varchar(50) NOT NULL,
  `srid` int(11) NOT NULL,
  `dsn` varchar(50) NOT NULL,
  `did` int(11) NOT NULL,
  `amt` int(11) NOT NULL,
  `st` varchar(50) NOT NULL,
  PRIMARY KEY (`id`)
) ENGINE=InnoDB  DEFAULT CHARSET=latin1 AUTO_INCREMENT=140 ;

--
-- Dumping data for table `ticket_issue`
--

INSERT INTO `ticket_issue` (`id`, `dt`, `daily_tripid`, `qr_id`, `srn`, `srid`, `dsn`, `did`, `amt`, `st`) VALUES
(1, '2017-07-30', 1, '123', 'Kilimanoor', 10, 'Venjaramod', 13, 18, '1'),
(2, '2017-07-31', 5, '123', 'Kilimanoor', 10, 'Vembayam', 14, 22, '1'),
(3, '2017-07-31', 5, '123', 'Karette', 12, 'Kesavadasapuram', 16, 34, '1'),
(4, '2017-07-31', 5, '123', 'Karette', 12, 'Vembayam', 14, 18, '1'),
(5, '2017-07-31', 5, '123', 'Karette', 12, 'Venjaramod', 13, 12, '1'),
(6, '2017-07-31', 5, '123', 'Venjaramod', 13, 'Vembayam', 14, 0, '1'),
(7, '2017-07-31', 6, '123', 'Thampanoor', 1, 'Karette', 8, 34, '1'),
(8, '2017-07-31', 6, '123', 'Thampanoor', 1, 'Kesavadasapuram', 4, 12, '1'),
(9, '2017-08-01', 7, '123', 'Kilimanoor', 10, 'Kesavadasapuram', 16, 36, '1'),
(10, '2017-08-14', 8, 'error decoding QR Code', 'Kilimanoor', 10, 'Vembayam', 14, 22, '1'),
(11, '2017-08-14', 9, '123', 'Thampanoor', 1, 'Vattappara', 5, 18, '1'),
(12, '2017-08-14', 11, '123', 'PMG', 21, 'Vattappara', 24, 0, '1'),
(13, '2017-08-14', 11, '123', 'PMG', 21, 'Kesavadasapuram', 23, 0, '1'),
(14, '2017-08-14', 9, '123', 'Thampanoor', 1, 'Karette', 8, 34, '1'),
(15, '2017-08-14', 9, '123', 'Thampanoor', 1, 'Venjaramod', 7, 28, '1'),
(16, '2017-09-07', 9, '123', 'PMG', 2, 'Karette', 8, 0, '5'),
(17, '2017-10-07', 9, '123', 'PMG', 2, 'Pattom', 3, 12, '1'),
(18, '2017-10-07', 12, '123', 'Kilimanoor', 10, 'Venjaramod', 13, 18, '1'),
(19, '2017-10-08', 13, '10125478958', 'Kilimanoor', 10, 'Vembayam', 14, 22, '2'),
(20, '2017-10-08', 14, '', 'chinnakada', 25, 'Thampanoor', 35, 55, '5'),
(21, '2017-10-08', 16, '10125478958', 'chinnakada', 25, 'pallimukk', 27, 15, '5'),
(22, '2017-10-08', 16, '10125478958', 'chinnakada', 25, 'college junction', 26, 10, '5'),
(23, '2017-10-09', 16, '10125478958', 'chinnakada', 25, 'chathannoor', 29, 25, '4'),
(30, '2017-10-09', 17, '7856412354', 'second mile stone', 39, 'karicode', 42, 20, '1'),
(31, '2017-10-09', 17, '54123254565', 'second mile stone', 39, 'karicode', 42, 20, '4'),
(32, '2017-10-09', 19, '78945612', 'chinnakada', 37, 'karicode', 42, 30, '4'),
(33, '2017-10-10', 20, '12345678', 'college junction', 26, 'Thampanoor', 35, 40, '2'),
(34, '2017-10-10', 20, '77845651235', 'college junction', 26, 'Thampanoor', 35, 40, '3'),
(35, '2017-10-11', 21, '78945612', 'kadappakada', 38, 'third mile stone', 41, 20, '2'),
(36, '2017-10-11', 21, '12345678', 'kadappakada', 38, 'third mile stone', 41, 20, '4'),
(37, '2017-10-12', 21, '77845651235', 'kadappakada', 38, 'karicode', 42, 25, '2'),
(38, '2017-10-12', 22, '88456512324', 'chinnakada', 25, 'kallambalam', 31, 35, '3'),
(39, '2017-10-12', 21, '7845651235', 'third mile stone', 41, 'karicode', 42, 10, '3'),
(40, '2017-10-12', 24, '123', 'Kilimanoor', 10, 'Vattappara', 15, 28, '3'),
(41, '2017-11-15', 25, '123', 'Thampanoor', 51, 'Kesavadasapuram', 54, 15, 'November 15, 2017, 9:46 am'),
(42, '2018-04-09', 31, '2345678912', 'attingal', 75, 'alamcode', 76, 30, 'April 9, 2018, 11:53 am'),
(43, '2018-04-09', 31, '78945612300', 'alamcode', 76, 'Kilimanoor', 77, 30, 'April 9, 2018, 11:54 am'),
(44, '2018-04-09', 31, '123879525665', 'alamcode', 76, 'Kilimanoor', 77, 30, 'April 9, 2018, 11:55 am'),
(45, '2018-04-05', 32, '124563789645', 'attingal', 78, 'alamcode', 79, 30, 'April 9, 2018, 12:05 pm'),
(46, '2018-04-05', 32, '78964525881', 'alamcode', 79, 'kallambalam', 80, 30, 'April 9, 2018, 12:06 pm'),
(47, '2018-04-05', 32, '123879525665', 'kallambalam', 80, 'chinnakada', 82, 40, 'April 9, 2018, 12:08 pm'),
(48, '2018-04-05', 32, '78964525881', 'paripally', 81, 'chinnakada', 82, 30, 'April 9, 2018, 12:09 pm'),
(49, '2018-04-10', 33, '2345678912', 'attingal', 78, 'alamcode', 79, 30, 'April 10, 2018, 9:44 am'),
(50, '2018-04-10', 33, '2345678912', 'attingal', 78, 'alamcode', 79, 30, 'April 10, 2018, 9:44 am'),
(51, '2018-04-10', 33, '78945612300', 'attingal', 78, 'alamcode', 79, 30, 'April 10, 2018, 9:45 am'),
(52, '2018-04-10', 33, '123879525665', 'attingal', 78, 'kallambalam', 80, 40, 'April 10, 2018, 9:46 am'),
(53, '2018-04-10', 33, '4578996634', 'attingal', 78, 'paripally', 81, 50, 'April 10, 2018, 9:46 am'),
(54, '2018-04-11', 34, '2345678912', 'attingal', 78, 'alamcode', 79, 30, 'April 11, 2018, 9:52 am'),
(55, '2018-04-11', 34, '78945612300', 'attingal', 78, 'alamcode', 79, 30, 'April 11, 2018, 9:52 am'),
(56, '2018-04-11', 34, '123879525665', 'attingal', 78, 'alamcode', 79, 30, 'April 11, 2018, 9:52 am'),
(57, '2018-04-11', 34, '4578996634', 'attingal', 78, 'alamcode', 79, 30, 'April 11, 2018, 9:53 am'),
(58, '2018-04-11', 34, '4578996634', 'attingal', 78, 'alamcode', 79, 30, 'April 11, 2018, 9:53 am'),
(59, '2018-04-11', 34, '78964525881', 'attingal', 78, 'paripally', 81, 50, 'April 11, 2018, 9:53 am'),
(60, '2018-04-11', 34, '124563789645', 'attingal', 78, 'chinnakada', 82, 60, 'April 11, 2018, 9:54 am'),
(61, '2018-04-12', 35, '2345678912', 'attingal', 78, 'alamcode', 79, 30, 'April 12, 2018, 9:55 am'),
(62, '2018-04-12', 35, '78945612300', 'attingal', 78, 'kallambalam', 80, 40, 'April 12, 2018, 9:56 am'),
(63, '2018-04-12', 35, '123879525665', 'attingal', 78, 'paripally', 81, 50, 'April 12, 2018, 9:56 am'),
(64, '2018-04-12', 35, '4578996634', 'attingal', 78, 'paripally', 81, 50, 'April 12, 2018, 9:56 am'),
(65, '2018-04-12', 35, '78964525881', 'attingal', 78, 'chinnakada', 82, 60, 'April 12, 2018, 9:56 am'),
(66, '2018-04-12', 35, '78964525881', 'attingal', 78, 'chinnakada', 82, 60, 'April 12, 2018, 9:56 am'),
(67, '2018-04-13', 36, '2345678912', 'attingal', 78, 'alamcode', 79, 30, 'April 13, 2018, 9:57 am'),
(68, '2018-04-13', 36, '78945612300', 'attingal', 78, 'kallambalam', 80, 40, 'April 13, 2018, 9:57 am'),
(69, '2018-04-13', 36, '123879525665', 'attingal', 78, 'kallambalam', 80, 40, 'April 13, 2018, 9:58 am'),
(70, '2018-04-13', 36, '4578996634', 'attingal', 78, 'kallambalam', 80, 40, 'April 13, 2018, 9:58 am'),
(71, '2018-04-13', 36, '78964525881', 'attingal', 78, 'paripally', 81, 50, 'April 13, 2018, 9:58 am'),
(72, '2018-04-13', 36, '124563789645', 'attingal', 78, 'chinnakada', 82, 60, 'April 13, 2018, 9:58 am'),
(73, '2018-04-14', 37, '2345678912', 'attingal', 78, 'alamcode', 79, 30, 'April 14, 2018, 10:00 am'),
(74, '2018-04-14', 37, '78945612300', 'attingal', 78, 'paripally', 81, 50, 'April 14, 2018, 10:00 am'),
(75, '2018-04-14', 37, '123879525665', 'attingal', 78, 'paripally', 81, 50, 'April 14, 2018, 10:00 am'),
(76, '2018-04-14', 37, '4578996634', 'attingal', 78, 'chinnakada', 82, 60, 'April 14, 2018, 10:00 am'),
(77, '2018-04-14', 37, '78964525881', 'attingal', 78, 'chinnakada', 82, 60, 'April 14, 2018, 10:00 am'),
(78, '2018-04-15', 38, '2345678912', 'attingal', 78, 'alamcode', 79, 30, 'April 15, 2018, 10:01 am'),
(79, '2018-04-15', 38, '78945612300', 'attingal', 78, 'kallambalam', 80, 40, 'April 15, 2018, 10:01 am'),
(80, '2018-04-15', 38, '123879525665', 'attingal', 78, 'paripally', 81, 50, 'April 15, 2018, 10:01 am'),
(81, '2018-04-15', 38, '4578996634', 'attingal', 78, 'paripally', 81, 50, 'April 15, 2018, 10:02 am'),
(82, '2018-04-15', 38, '78964525881', 'attingal', 78, 'chinnakada', 82, 60, 'April 15, 2018, 10:02 am'),
(83, '2018-04-11', 39, '2345678912', 'attingal', 75, 'alamcode', 76, 30, 'April 15, 2018, 10:07 am'),
(84, '2018-04-11', 39, '78945612300', 'attingal', 75, 'alamcode', 76, 30, 'April 15, 2018, 10:07 am'),
(85, '2018-04-11', 39, '123879525665', 'attingal', 75, 'alamcode', 76, 30, 'April 15, 2018, 10:07 am'),
(86, '2018-04-11', 39, '4578996634', 'attingal', 75, 'Kilimanoor', 77, 50, 'April 15, 2018, 10:07 am'),
(87, '2018-04-11', 39, '78964525881', 'attingal', 75, 'Kilimanoor', 77, 50, 'April 15, 2018, 10:08 am'),
(88, '2018-04-12', 40, '2345678912', 'attingal', 75, 'alamcode', 76, 30, 'April 12, 2018, 10:12 am'),
(89, '2018-04-12', 40, '78945612300', 'attingal', 75, 'Kilimanoor', 77, 50, 'April 12, 2018, 10:12 am'),
(90, '2018-04-12', 40, '123879525665', 'attingal', 75, 'Kilimanoor', 77, 50, 'April 12, 2018, 10:12 am'),
(91, '2018-04-12', 40, '4578996634', 'attingal', 75, 'Kilimanoor', 77, 50, 'April 12, 2018, 10:13 am'),
(92, '2018-04-12', 40, '78964525881', 'attingal', 75, 'Kilimanoor', 77, 50, 'April 12, 2018, 10:13 am'),
(93, '2018-04-10', 42, '78964525881', 'attingal', 75, 'alamcode', 76, 30, 'April 10, 2018, 10:15 am'),
(94, '2018-04-10', 42, '4578996634', 'attingal', 75, 'Kilimanoor', 77, 50, 'April 10, 2018, 10:15 am'),
(95, '2018-04-10', 42, '123879525665', 'attingal', 75, 'Kilimanoor', 77, 50, 'April 10, 2018, 10:15 am'),
(96, '2018-04-10', 42, '78945612300', 'attingal', 75, 'Kilimanoor', 77, 50, 'April 10, 2018, 10:16 am'),
(97, '2018-04-10', 42, '2345678912', 'attingal', 75, 'Kilimanoor', 77, 50, 'April 10, 2018, 10:16 am'),
(98, '2018-04-13', 41, '2345678912', 'attingal', 75, 'alamcode', 76, 30, 'April 13, 2018, 10:16 am'),
(99, '2018-04-13', 41, '78945612300', 'attingal', 75, 'alamcode', 76, 30, 'April 13, 2018, 10:17 am'),
(100, '2018-04-13', 41, '123879525665', 'attingal', 75, 'Kilimanoor', 77, 50, 'April 13, 2018, 10:17 am'),
(101, '2018-04-13', 41, '4578996634', 'attingal', 75, 'Kilimanoor', 77, 50, 'April 13, 2018, 10:17 am'),
(102, '2018-04-13', 41, '78964525881', 'attingal', 75, 'Kilimanoor', 77, 50, 'April 13, 2018, 10:17 am'),
(103, '2018-04-14', 43, '2345678912', 'attingal', 75, 'alamcode', 76, 30, 'April 14, 2018, 10:18 am'),
(104, '2018-04-14', 43, '78945612300', 'attingal', 75, 'Kilimanoor', 77, 50, 'April 14, 2018, 10:18 am'),
(105, '2018-04-14', 43, '123879525665', 'attingal', 75, 'Kilimanoor', 77, 50, 'April 14, 2018, 10:18 am'),
(106, '2018-04-14', 43, '4578996634', 'attingal', 75, 'Kilimanoor', 77, 50, 'April 14, 2018, 10:18 am'),
(107, '2018-04-14', 43, '78964525881', 'attingal', 75, 'Kilimanoor', 77, 50, 'April 14, 2018, 10:18 am'),
(108, '2018-04-26', 46, '78945612300', 'attingal', 75, 'alamcode', 76, 30, '11'),
(109, '2018-04-23', 46, '4578996634', 'attingal', 75, 'alamcode', 76, 30, '11'),
(110, '2018-04-24', 46, '78964525881', 'attingal', 75, 'Kilimanoor', 77, 50, '11'),
(111, '2018-04-26', 46, '124563789645', 'attingal', 75, 'alamcode', 76, 30, '11'),
(112, '2018-04-25', 46, '78964525881', 'attingal', 75, 'alamcode', 76, 30, '11'),
(113, '2018-04-26', 46, '4578996634', 'attingal', 75, 'alamcode', 76, 30, '11'),
(114, '2018-04-26', 46, '78964525881', 'attingal', 75, 'Kilimanoor', 77, 50, '11'),
(115, '2018-04-26', 47, '78945612300', 'Kilimanoor', 10, 'Karette', 12, 12, '14'),
(116, '2018-04-26', 47, '4578996634', 'Kilimanoor', 10, 'Venjaramod', 13, 18, '14'),
(117, '2018-04-26', 47, '78964525881', 'Kilimanoor', 10, 'Vembayam', 14, 22, '14'),
(118, '2018-04-26', 47, '4578996634', 'Kilimanoor', 10, 'Vembayam', 14, 22, '14'),
(119, '2018-04-26', 47, '78964525881', 'Kilimanoor', 10, 'Vembayam', 14, 22, '14'),
(120, '2018-04-26', 48, '78945612300', 'attingal', 78, 'kallambalam', 80, 40, '15'),
(121, '2018-04-26', 48, '123879525665', 'attingal', 78, 'kallambalam', 80, 40, '15'),
(122, '2018-04-26', 48, '78964525881', 'attingal', 78, 'paripally', 81, 50, '15'),
(123, '2018-05-05', 49, '4578996634', 'Vattappara', 63, 'chathannoor', 67, 53, '16'),
(124, '2018-05-07', 49, '78964525881', 'Vattappara', 63, 'Attingal', 66, 34, '16'),
(125, '2018-05-07', 49, '124563789645', 'Vattappara', 63, 'chathannoor', 67, 53, '16'),
(126, '2018-05-08', 50, '124563789645', 'Kilimanoor', 10, 'Vembayam', 14, 22, '14'),
(127, '2018-05-31', 51, '789654123012', 'Thampanoor', 87, 'Kesavadasapuram', 89, 15, '17'),
(128, '2018-06-02', 51, '4578996634', 'Thampanoor', 87, 'Kesavadasapuram', 89, 15, '17'),
(129, '2018-06-01', 51, '78964525881', 'Thampanoor', 87, 'Kesavadasapuram', 89, 15, '17'),
(130, '2019-01-14', 52, '789654123012', 'Thampanoor', 100, 'PMG', 101, 10, '19'),
(131, '2019-01-15', 52, '789654123012', 'PMG', 101, 'Nalanchira', 104, 28, '19'),
(132, '2019-01-15', 52, '789654123012', 'PMG', 101, 'Venjaramod', 105, 0, '19'),
(133, '2019-01-16', 52, '789654123012', 'PMG', 101, 'Nalanchira', 104, 28, '19'),
(134, '2019-01-19', 53, '129988798555', 'Thampanoor', 100, 'PMG', 101, 10, '19'),
(135, '2019-01-19', 53, '789654154433', 'Thampanoor', 100, 'Kesavadasapuram', 103, 20, '19'),
(136, '2019-01-28', 54, '129988798555', 'Thampanoor', 100, 'Pattom', 102, 15, '19'),
(137, '2019-01-29', 55, '129988798555', 'PMG', 101, 'Kesavadasapuram', 103, 20, '19'),
(138, '2019-01-29', 56, '789654154433', 'Thampanoor', 20, 'PMG', 21, 12, '19'),
(139, '2019-01-31', 57, '129988798555', 'PMG', 101, 'Kesavadasapuram', 103, 20, '19');

-- --------------------------------------------------------

--
-- Table structure for table `trip_data`
--

CREATE TABLE IF NOT EXISTS `trip_data` (
  `trip_id` int(11) NOT NULL AUTO_INCREMENT,
  `bus_id` int(11) NOT NULL,
  `station_id` int(11) NOT NULL,
  `trip_nme` varchar(50) NOT NULL,
  `start_tim` varchar(25) NOT NULL,
  `st` int(11) NOT NULL,
  PRIMARY KEY (`trip_id`)
) ENGINE=InnoDB  DEFAULT CHARSET=latin1 AUTO_INCREMENT=25 ;

--
-- Dumping data for table `trip_data`
--

INSERT INTO `trip_data` (`trip_id`, `bus_id`, `station_id`, `trip_nme`, `start_tim`, `st`) VALUES
(1, 1, 1, 'First Trip', '05:00', 1),
(2, 1, 1, 'Second Trip', '12:15', 1),
(3, 3, 9, 'First Trip', '09:00', 1),
(4, 3, 9, 'Second Trip', '11:00', 1),
(5, 4, 9, 'First Trip', '08:15', 1),
(6, 4, 9, 'Second Trip', '10:00', 1),
(8, 6, 19, 'First trip', '08:10', 1),
(9, 2, 9, 'First Trip', '08:00', 1),
(10, 8, 22, 'Manathala to kollam', '09:09', 1),
(11, 9, 23, 'ernakulam north to trivandrum', '09:45', 1),
(12, 10, 1, 'first trip', '09:00', 1),
(13, 10, 1, 'second trip', '13:30', 1),
(14, 11, 27, 'first trip', '09:00', 1),
(15, 12, 27, 'first trip', '07:00', 1),
(16, 14, 32, 'East Fort', '09:00', 1),
(17, 15, 27, 'Attingal', '09:00', 1),
(18, 16, 32, 'Manathala', '09:00', 1),
(19, 17, 32, 'ilimannor', '09:00', 1),
(20, 14, 32, 'East fort', '09:00', 1),
(21, 19, 32, 'Pulimoode to Kilimanoor', '09:00', 1),
(22, 19, 32, 'pulimoode to kilimanoor fast', '01:22', 1),
(23, 14, 32, 'paravur to kollam', '00:00', 1),
(24, 14, 32, 'pulimoode to kilimanoor fast', '00:00', 1);

-- --------------------------------------------------------

--
-- Table structure for table `trip_info`
--

CREATE TABLE IF NOT EXISTS `trip_info` (
  `id` int(11) NOT NULL AUTO_INCREMENT,
  `trip_id` int(11) NOT NULL COMMENT 'id frm trip_data',
  `bus_id` int(11) NOT NULL,
  `station_id` int(11) NOT NULL,
  `rt_id` int(11) NOT NULL COMMENT 'id frm route_data',
  `p_id` int(11) NOT NULL COMMENT 'id frm path_data',
  `st` int(11) NOT NULL,
  PRIMARY KEY (`id`)
) ENGINE=InnoDB  DEFAULT CHARSET=latin1 AUTO_INCREMENT=21 ;

--
-- Dumping data for table `trip_info`
--

INSERT INTO `trip_info` (`id`, `trip_id`, `bus_id`, `station_id`, `rt_id`, `p_id`, `st`) VALUES
(1, 3, 3, 9, 2, 3, 1),
(2, 4, 3, 9, 1, 2, 1),
(3, 5, 4, 9, 2, 3, 1),
(4, 6, 4, 9, 3, 4, 1),
(5, 1, 1, 1, 4, 5, 1),
(6, 8, 6, 19, 5, 6, 1),
(7, 9, 2, 9, 1, 1, 1),
(8, 10, 8, 22, 7, 9, 1),
(9, 11, 9, 23, 8, 11, 1),
(10, 12, 10, 1, 1, 2, 1),
(11, 14, 11, 27, 11, 12, 1),
(12, 15, 12, 27, 12, 13, 1),
(13, 16, 14, 32, 2, 3, 1),
(14, 17, 15, 27, 12, 13, 1),
(15, 18, 16, 32, 7, 9, 1),
(16, 19, 17, 32, 14, 15, 1),
(17, 21, 19, 32, 17, 18, 1),
(18, 22, 19, 32, 3, 4, 1),
(19, 20, 14, 32, 1, 2, 1),
(20, 23, 14, 32, 4, 5, 1);

-- --------------------------------------------------------

--
-- Table structure for table `user_data`
--

CREATE TABLE IF NOT EXISTS `user_data` (
  `id` int(11) NOT NULL AUTO_INCREMENT,
  `adrnum` varchar(30) NOT NULL,
  `accnum` varchar(20) NOT NULL,
  `nme` varchar(75) NOT NULL,
  `addr` text NOT NULL,
  `con` varchar(12) NOT NULL,
  `aadrfil` varchar(50) NOT NULL,
  `pic` varchar(50) NOT NULL,
  `dob` date NOT NULL,
  `st_id` varchar(25) NOT NULL,
  `qrcode` varchar(25) NOT NULL,
  `st` int(11) NOT NULL,
  PRIMARY KEY (`id`)
) ENGINE=InnoDB  DEFAULT CHARSET=latin1 AUTO_INCREMENT=30 ;

--
-- Dumping data for table `user_data`
--

INSERT INTO `user_data` (`id`, `adrnum`, `accnum`, `nme`, `addr`, `con`, `aadrfil`, `pic`, `dob`, `st_id`, `qrcode`, `st`) VALUES
(17, '2345678912', '803-095-100', 'vinaya', 'V V Bhavan\r\nKilimanoor', '9446563005', '2345678912.jpg', '2345678912.jpg', '1985-07-25', 'TVM101', '2345678912', 1),
(18, '78945612300', '879-169-102', 'lekha', 'lekha nivas\r\ntvm', '1547896324', '78945612300.jpg', '78945612300.jpg', '1989-07-27', 'TVM101', '78945612300', 1),
(19, '123879525665', '527-068-103', 'remya', 'remya house\r\nkilimanoor', '5896123783', '123879525665.jpg', '123879525665.jpg', '2009-02-12', 'TVM101', '123879525665', 1),
(20, '4578996634', '145-879-104', 'rohith', 'rohith villa\r\nattingal', '1278899346', '4578996634.jpg', '4578996634.jpg', '1982-07-22', 'ra123', '4578996634', 1),
(21, '78964525881', '298-352-105', 'neha', 'neha villa\r\npattom', '12364588989', '78964525881.jpg', '78964525881.jpg', '2018-04-12', 'ra123', '78964525881', 1),
(22, '124563789645', '451-024-106', 'raju', 'raju villa\r\nkollam', '4556324589', '124563789645.jpg', '124563789645.jpg', '1996-07-26', 'ra123', '124563789645', 1),
(23, '789654123012', '803-095-100', 'Arya', 'Radheyam Tower, Pulimood, Thiruvananthapuram, Kerala 695001', '9874563210', '789654123012.jpg', '789654123012.jpg', '2018-04-24', 'ef123', '789654123012', 1),
(26, '129988798555', '451-024-106', 'Dhanasree S S', 'Sreedarsh bhavan palootkavu koonayil paravur kollam', '7985462130', '129988798555.sql', 'dhan.jpg', '1997-05-01', 'ef123', '129988798555', 1),
(27, '789654154433', '803-095-100', 'Drishya Anil', 'a n mandiram mayyanad p o kollam', '7896543210', '789654154433.sql', 'drh.jpg', '1996-01-19', 'ef123', '789654154433', 1),
(28, '129988798687', '123545', 'Dhanasree S S', 'sreedarsh bhavan ,palottukavu ,koonayil ,paravur p.o,kollam', '7024328578', '129988798687.docx', '129988798687.jpg', '1997-01-05', 'kmr101', '129988798687', 1),
(29, '123545654343', '13234546524', 'Rejitha', 'Rejitha Bhavan,kollam', '9876542135', '123545654343', '123545654343.jpg', '1987-01-08', 'ef123', '123545654343', 1);

-- --------------------------------------------------------

--
-- Table structure for table `user_login`
--

CREATE TABLE IF NOT EXISTS `user_login` (
  `id` int(11) NOT NULL AUTO_INCREMENT,
  `uid` varchar(75) NOT NULL,
  `pwd` varchar(25) NOT NULL,
  `typ` varchar(10) NOT NULL,
  `st` int(2) NOT NULL,
  PRIMARY KEY (`id`)
) ENGINE=InnoDB  DEFAULT CHARSET=latin1 AUTO_INCREMENT=58 ;

--
-- Dumping data for table `user_login`
--

INSERT INTO `user_login` (`id`, `uid`, `pwd`, `typ`, `st`) VALUES
(1, 'admin', 'admin', 'admin', 1),
(2, 'TVM101', 'ksrtc', 'stand', 1),
(3, 'vjd101', 'ksrtc', 'stand', 1),
(4, 'kmr101', 'ksrtc', 'stand', 1),
(5, 'cdm101', 'ksrtc', 'stand', 1),
(6, 'ktr101', 'ksrtc', 'stand', 1),
(7, 'tvm-002', 'ksrtc', 'conductor', 1),
(8, 'kmr-001', 'ksrtc', 'conductor', 1),
(9, 'ERS101', 'ksrtc', 'station', 1),
(10, 'kmr-002', 'ksrtc', 'conductor', 1),
(11, 'tvm0', 'ksrtc', 'checker', 1),
(12, 'cnr1', 'ksrtc', 'stand', 1),
(13, 'ktm01', 'ksrtc', 'stand', 1),
(14, 'cnkd01', 'ksrtc', 'stand', 1),
(15, '101', 'ksrtc', 'checker', 1),
(16, 'chk101', 'ksrtc', 'checker', 1),
(17, 'chk101', 'ksrtc', 'checker', 1),
(18, 'kcd01', 'ksrtc', 'stand', 1),
(19, 'cnkd1', 'ksrtc', 'checker', 1),
(21, 'cnkd3', 'ksrtc', 'conductor', 1),
(22, 'biju123', 'ksrtc', 'conductor', 1),
(23, 'na123', '123', 'stand', 1),
(24, 'ma123', '123', 'stand', 1),
(25, 'ku123', 'ksrtc', 'checker', 1),
(26, 'ern123', 'ksrtc', 'stand', 1),
(27, 'kiraxxx', 'ksrtc', 'conductor', 1),
(28, 'gauth678', 'ksrtc', 'conductor', 1),
(29, 'ra123', 'ksrtc', 'stand', 1),
(30, 'ro123', 'ksrtc', 'conductor', 1),
(31, 'sr123', 'ksrtc', 'conductor', 1),
(32, 'admin', 'admin', 'stand', 1),
(42, 'dt123', 'ksrtc', 'checker', 1),
(43, 'ef123', 'ksrtc', 'stand', 1),
(44, 'jane123', 'ksrtc', 'conductor', 1),
(45, 'zrh123', 'ksrtc', 'conductor', 1),
(46, 'bw123', 'ksrtc', 'conductor', 1),
(47, 'tr123', 'ksrtc', 'conductor', 1),
(48, 'jas123', 'ksrtc', 'conductor', 1),
(49, 'anu', 'ksrtc', 'stand', 1),
(50, 'anu', 'ksrtc', 'stand', 1),
(51, 'arjun', 'ksrtc', 'stand', 1),
(52, '', '', 'stand', 1),
(53, 'sachu', 'ksrtc', 'stand', 1),
(54, '23', 'ksrtc', 'checker', 1),
(55, '8', 'ksrtc', 'conductor', 1),
(56, 'krishna', 'ksrtc', 'stand', 1),
(57, 'krishna', 'ksrtc', 'stand', 1);

-- --------------------------------------------------------

--
-- Table structure for table `usr_log`
--

CREATE TABLE IF NOT EXISTS `usr_log` (
  `id` int(11) NOT NULL AUTO_INCREMENT,
  `usr_id` varchar(250) NOT NULL,
  `usr_pas` varchar(250) NOT NULL,
  `usr_type` varchar(250) NOT NULL,
  `usr_st` int(11) NOT NULL,
  PRIMARY KEY (`id`)
) ENGINE=InnoDB  DEFAULT CHARSET=latin1 AUTO_INCREMENT=7 ;

--
-- Dumping data for table `usr_log`
--

INSERT INTO `usr_log` (`id`, `usr_id`, `usr_pas`, `usr_type`, `usr_st`) VALUES
(1, 'admin1', 'admin', 'admin', 1),
(2, 'mail2avvineeth@gmail.com', 'asd', 'user', 1),
(4, 'bajaj@gmail.com', 'asd', 'dealer', 1),
(5, 'bank', 'bank', 'bank', 1),
(6, 'biju@gmail.com', 'asd', 'user', 1);

-- --------------------------------------------------------

--
-- Table structure for table `vb_acno`
--

CREATE TABLE IF NOT EXISTS `vb_acno` (
  `id` int(11) NOT NULL AUTO_INCREMENT,
  `num` int(11) NOT NULL,
  PRIMARY KEY (`id`)
) ENGINE=InnoDB  DEFAULT CHARSET=latin1 AUTO_INCREMENT=2 ;

--
-- Dumping data for table `vb_acno`
--

INSERT INTO `vb_acno` (`id`, `num`) VALUES
(1, 112);

-- --------------------------------------------------------

--
-- Table structure for table `vb_cdepo`
--

CREATE TABLE IF NOT EXISTS `vb_cdepo` (
  `id` int(11) NOT NULL AUTO_INCREMENT,
  `amt_frm` varchar(250) NOT NULL,
  `amt_to` varchar(250) NOT NULL,
  `amt` bigint(20) NOT NULL,
  `dt` date NOT NULL,
  `desc` text NOT NULL,
  `st` int(11) NOT NULL,
  PRIMARY KEY (`id`)
) ENGINE=InnoDB  DEFAULT CHARSET=latin1 AUTO_INCREMENT=47 ;

--
-- Dumping data for table `vb_cdepo`
--

INSERT INTO `vb_cdepo` (`id`, `amt_frm`, `amt_to`, `amt`, `dt`, `desc`, `st`) VALUES
(1, 'My Self', '803-095-100', 20000, '2017-08-16', 'Cash Deposit', 1),
(2, 'My Self', ' 673-508-102', 10000, '2017-09-08', 'Cash Deposit', 1),
(3, 'My Self', ' 673-508-102', 10000, '2017-09-08', 'Cash Deposit', 1),
(4, 'My Self', ' 285-539-103', 1000, '2017-09-08', 'Cash Deposit', 1),
(5, 'My Self', ' 285-539-103', 1000, '2017-09-08', 'Cash Deposit', 1),
(6, 'My Self', '1803-095-100', 1000, '2017-09-08', 'Cash Deposit', 1),
(7, 'My Self', '4567899', 8990, '2017-09-08', 'Cash Deposit', 1),
(8, 'My Self', '1803-095-100', 677, '2017-09-08', 'Cash Deposit', 1),
(9, 'My Self', '673-508-102', 5000, '2017-09-08', 'Cash Deposit', 1),
(10, 'My Self', '285-539-103', 1000, '2017-09-10', 'Cash Deposit', 1),
(11, 'My Self', '958-429-104', 1000, '2017-09-10', 'Cash Deposit', 1),
(12, 'My Self', '432-124-105', 1000, '2017-09-10', 'Cash Deposit', 1),
(13, 'My Self', '230-195-106', 1000, '2017-09-10', 'Cash Deposit', 1),
(14, 'My Self', '806-043-107', 1000, '2017-09-10', 'Cash Deposit', 1),
(15, 'My Self', '534-086-108', 1000, '2017-09-10', 'Cash Deposit', 1),
(16, '1111-5632-8876', '681-312-101', 18, '2017-09-10', '', 1),
(17, '10125478958', '681-312-101', 22, '2017-09-10', '', 1),
(18, '10125478958', '681-312-101', 10, '2017-09-10', '', 1),
(19, '', '681-312-101', 55, '2017-09-10', '', 1),
(20, '10125478958', '681-312-101', 15, '2017-09-10', '', 1),
(21, '10125478958', '681-312-101', 25, '2017-09-10', '', 1),
(22, 'My Self', '198-379-109', 75, '2017-09-13', 'Cash Deposit', 1),
(23, 'My Self', '681-312-101', 10000, '2018-04-08', 'Cash Deposit', 1),
(24, 'My Self', '	673-508-102', 3000, '2018-04-08', 'Cash Deposit', 1),
(25, 'My Self', '	285-539-103', 3000, '2018-04-08', 'Cash Deposit', 1),
(26, 'My Self', '673-508-102', 3000, '2018-04-08', 'Cash Deposit', 1),
(27, 'My Self', '285-539-103', 4000, '2018-04-08', 'Cash Deposit', 1),
(28, 'My Self', '958-429-104', 2000, '2018-04-08', 'Cash Deposit', 1),
(29, 'My Self', '432-124-105', 3000, '2018-04-08', 'Cash Deposit', 1),
(30, 'My Self', '198-379-109', 2000, '2018-04-08', 'Cash Deposit', 1),
(31, 'My Self', '	879-169-102', 3000, '2018-04-08', 'Cash Deposit', 1),
(32, 'My Self', '	879-169-102', 3000, '2018-04-08', 'Cash Deposit', 1),
(33, 'My Self', '879-169-102', 3000, '2018-04-08', 'Cash Deposit', 1),
(34, 'My Self', '527-068-103', 6500, '2018-04-08', 'Cash Deposit', 1),
(35, 'My Self', '145-879-104', 2000, '2018-04-08', 'Cash Deposit', 1),
(36, 'My Self', '298-352-105', 5000, '2018-04-08', 'Cash Deposit', 1),
(37, 'My Self', '	451-024-106', 4000, '2018-04-08', 'Cash Deposit', 1),
(38, 'My Self', '	451-024-106', 9000, '2018-04-08', 'Cash Deposit', 1),
(39, 'My Self', '451-024-106', 9000, '2018-04-08', 'Cash Deposit', 1),
(40, 'My Self', '803-095-100', 2, '2018-04-08', 'Cash Deposit', 1),
(41, 'My Self', '160-254-108	', 50000, '2018-05-12', 'Cash Deposit', 1),
(42, 'My Self', '092-971-107', 2000, '2018-05-12', 'Cash Deposit', 1),
(43, 'My Self', '160-254-108', 2000, '2018-06-02', 'Cash Deposit', 1),
(44, 'My Self', '029-286-109', 10000, '2019-01-16', 'Cash Deposit', 1),
(45, 'My Self', '803-095-100', 907, '2019-01-29', 'Cash Deposit', 1),
(46, 'My Self', '389-492-110', 500, '2019-01-30', 'Cash Deposit', 1);

-- --------------------------------------------------------

--
-- Table structure for table `vb_usr`
--

CREATE TABLE IF NOT EXISTS `vb_usr` (
  `id` int(11) NOT NULL AUTO_INCREMENT,
  `nme` varchar(250) NOT NULL,
  `em` varchar(250) NOT NULL,
  `con` bigint(20) NOT NULL,
  `addr` varchar(250) NOT NULL,
  `acc_num` varchar(250) NOT NULL,
  `acc_amt` bigint(20) NOT NULL,
  `pwd` varchar(25) NOT NULL,
  PRIMARY KEY (`id`)
) ENGINE=InnoDB  DEFAULT CHARSET=latin1 AUTO_INCREMENT=13 ;

--
-- Dumping data for table `vb_usr`
--

INSERT INTO `vb_usr` (`id`, `nme`, `em`, `con`, `addr`, `acc_num`, `acc_amt`, `pwd`) VALUES
(1, 'vinaya', 'vinaya@gmail.com', 9446563005, 'V V Bhavan\r\nKilimanoor', '803-095-100', 20456, '11006'),
(2, 'KSRTC', 'ksrtc@gmail.com', 9048060770, 'Kerala Travels', '681-312-101', 13250, '40016'),
(3, 'lekha', 'lekha@gmail.com', 1547896324, 'lekha nivas\r\ntvm', '879-169-102', 2298, '13026'),
(4, 'remya', 'remya@gmail.com', 5896123789, 'remya house\r\nkilimanoor', '527-068-103', 6090, '06158'),
(5, 'rohith', 'rohith@gmail.com', 1278899346, 'rohith villa\r\nattingal', '145-879-104', 1590, '51570'),
(6, 'neha', 'neha@gmail.com', 9965213202, 'neha villa\r\npattom', '298-352-105', 4470, '47401'),
(7, 'raju', 'raju123@gmail.com', 7896541234, 'raju villa\r\nkollam', '451-024-106', 8820, '10887'),
(8, 'hjd', 'xcjhjhjkxchjk@g', 0, 'khhiuhoij', '092-971-107', 2000, '13089'),
(9, 'asd', 'asdas@g', 23434, 'sfsfsdfgdfg', '160-254-108', 2000, '11607'),
(10, 'ndxdjghfh', 'jcxhjkhfd@g', 0, 'dhkjshd', '029-286-109', 10000, '83010'),
(11, 'Dhanasree S S', 'dhanasreeparavur@gmail.com', 7025895818, 'sreedarsh bhavan,palottukavu,koonayil,paravur', '389-492-110', 500, '90901'),
(12, 'Sindhu', 'sindhu@gmail.com', 5432767544, 'Sreedarsh bhavan,kollam', '045-583-111', 0, '66108');

/*!40101 SET CHARACTER_SET_CLIENT=@OLD_CHARACTER_SET_CLIENT */;
/*!40101 SET CHARACTER_SET_RESULTS=@OLD_CHARACTER_SET_RESULTS */;
/*!40101 SET COLLATION_CONNECTION=@OLD_COLLATION_CONNECTION */;
